-0.32,0
-0.3199,0
-0.3198,0
-0.3197,0
-0.3196,0
-0.3195,0
-0.3194,0
-0.3193,0
-0.3192,0
-0.3191,0
-0.319,0
-0.3189,0
-0.3188,0
-0.3187,0
-0.3186,0
-0.3185,0
-0.3184,0
-0.3183,0
-0.3182,0
-0.3181,0
-0.318,0
-0.3179,0
-0.3178,0
-0.3177,0
-0.3176,0
-0.3175,0
-0.3174,0
-0.3173,0
-0.3172,0
-0.3171,0
-0.317,0
-0.3169,0
-0.3168,0
-0.3167,0
-0.3166,0
-0.3165,0
-0.3164,0
-0.3163,0
-0.3162,0
-0.3161,0
-0.316,0
-0.3159,0
-0.3158,0
-0.3157,0
-0.3156,0
-0.3155,0
-0.3154,0
-0.3153,0
-0.3152,0
-0.3151,0
-0.315,0
-0.3149,0
-0.3148,0
-0.3147,0
-0.3146,0
-0.3145,0
-0.3144,0
-0.3143,0
-0.3142,0
-0.3141,0
-0.314,0
-0.3139,0
-0.3138,0
-0.3137,0
-0.3136,0
-0.3135,0
-0.3134,0
-0.3133,0
-0.3132,0
-0.3131,0
-0.313,0
-0.3129,0
-0.3128,0
-0.3127,0
-0.3126,0
-0.3125,0
-0.3124,0
-0.3123,0
-0.3122,0
-0.3121,0
-0.312,0
-0.3119,0
-0.3118,0
-0.3117,0
-0.3116,0
-0.3115,0
-0.3114,0
-0.3113,0
-0.3112,0
-0.3111,0
-0.311,0
-0.3109,0
-0.3108,0
-0.3107,0
-0.3106,0
-0.3105,0
-0.3104,0
-0.3103,0
-0.3102,0
-0.3101,0
-0.31,0
-0.3099,0
-0.3098,0
-0.3097,0
-0.3096,0
-0.3095,0
-0.3094,0
-0.3093,0
-0.3092,0
-0.3091,0
-0.309,0
-0.3089,0
-0.3088,0
-0.3087,0
-0.3086,0
-0.3085,0
-0.3084,0
-0.3083,0
-0.3082,0
-0.3081,0
-0.308,0
-0.3079,0
-0.3078,0
-0.3077,0
-0.3076,0
-0.3075,0
-0.3074,0
-0.3073,0
-0.3072,0
-0.3071,0
-0.307,0
-0.3069,0
-0.3068,0
-0.3067,0
-0.3066,0
-0.3065,0
-0.3064,0
-0.3063,0
-0.3062,0
-0.3061,0
-0.306,0
-0.3059,0
-0.3058,0
-0.3057,0
-0.3056,0
-0.3055,0
-0.3054,0
-0.3053,0
-0.3052,0
-0.3051,0
-0.305,0
-0.3049,0
-0.3048,0
-0.3047,0
-0.3046,0
-0.3045,0
-0.3044,0
-0.3043,0
-0.3042,0
-0.3041,0
-0.304,0
-0.3039,0
-0.3038,0
-0.3037,0
-0.3036,0
-0.3035,0
-0.3034,0
-0.3033,0
-0.3032,0
-0.3031,0
-0.303,0
-0.3029,0
-0.3028,0
-0.3027,0
-0.3026,0
-0.3025,0
-0.3024,0
-0.3023,0
-0.3022,0
-0.3021,0
-0.302,0
-0.3019,0
-0.3018,0
-0.3017,0
-0.3016,0
-0.3015,0
-0.3014,0
-0.3013,0
-0.3012,0
-0.3011,0
-0.301,0
-0.3009,0
-0.3008,0
-0.3007,0
-0.3006,0
-0.3005,0
-0.3004,0
-0.3003,0
-0.3002,0
-0.3001,0
-0.3,0
-0.2999,0
-0.2998,0
-0.2997,0
-0.2996,0
-0.2995,0
-0.2994,0
-0.2993,0
-0.2992,0
-0.2991,0
-0.299,0
-0.2989,0
-0.2988,0
-0.2987,0
-0.2986,0
-0.2985,0
-0.2984,0
-0.2983,0
-0.2982,0
-0.2981,0
-0.298,0
-0.2979,0
-0.2978,0
-0.2977,0
-0.2976,0
-0.2975,0
-0.2974,0
-0.2973,0
-0.2972,0
-0.2971,0
-0.297,0
-0.2969,0
-0.2968,0
-0.2967,0
-0.2966,0
-0.2965,0
-0.2964,0
-0.2963,0
-0.2962,0
-0.2961,0
-0.296,0
-0.2959,0
-0.2958,0
-0.2957,0
-0.2956,0
-0.2955,0
-0.2954,0
-0.2953,0
-0.2952,0
-0.2951,0
-0.295,0
-0.2949,0
-0.2948,0
-0.2947,0
-0.2946,0
-0.2945,0
-0.2944,0
-0.2943,0
-0.2942,0
-0.2941,0
-0.294,0
-0.2939,0
-0.2938,0
-0.2937,0
-0.2936,0
-0.2935,0
-0.2934,0
-0.2933,0
-0.2932,0
-0.2931,0
-0.293,0
-0.2929,0
-0.2928,0
-0.2927,0
-0.2926,0
-0.2925,0
-0.2924,0
-0.2923,0
-0.2922,0
-0.2921,0
-0.292,0
-0.2919,0
-0.2918,0
-0.2917,0
-0.2916,0
-0.2915,0
-0.2914,0
-0.2913,0
-0.2912,0
-0.2911,0
-0.291,0
-0.2909,0
-0.2908,0
-0.2907,0
-0.2906,0
-0.2905,0
-0.2904,0
-0.2903,0
-0.2902,0
-0.2901,0
-0.29,0
-0.2899,0
-0.2898,0
-0.2897,0
-0.2896,0
-0.2895,0
-0.2894,0
-0.2893,0
-0.2892,0
-0.2891,0
-0.289,0
-0.2889,0
-0.2888,0
-0.2887,0
-0.2886,0
-0.2885,0
-0.2884,0
-0.2883,0
-0.2882,0
-0.2881,0
-0.288,0
-0.2879,0
-0.2878,0
-0.2877,0
-0.2876,0
-0.2875,0
-0.2874,0
-0.2873,0
-0.2872,0
-0.2871,0
-0.287,0
-0.2869,0
-0.2868,0
-0.2867,0
-0.2866,0
-0.2865,0
-0.2864,0
-0.2863,0
-0.2862,0
-0.2861,0
-0.286,0
-0.2859,0
-0.2858,0
-0.2857,0
-0.2856,0
-0.2855,0
-0.2854,0
-0.2853,0
-0.2852,0
-0.2851,0
-0.285,0
-0.2849,0
-0.2848,0
-0.2847,0
-0.2846,0
-0.2845,0
-0.2844,0
-0.2843,0
-0.2842,0
-0.2841,0
-0.284,0
-0.2839,0
-0.2838,0
-0.2837,0
-0.2836,0
-0.2835,0
-0.2834,0
-0.2833,0
-0.2832,0
-0.2831,0
-0.283,0
-0.2829,0
-0.2828,0
-0.2827,0
-0.2826,0
-0.2825,0
-0.2824,0
-0.2823,0
-0.2822,0
-0.2821,0
-0.282,0
-0.2819,0
-0.2818,0
-0.2817,0
-0.2816,0
-0.2815,0
-0.2814,0
-0.2813,0
-0.2812,0
-0.2811,0
-0.281,0
-0.2809,0
-0.2808,0
-0.2807,0
-0.2806,0
-0.2805,0
-0.2804,0
-0.2803,0
-0.2802,0
-0.2801,0
-0.28,0
-0.2799,0
-0.2798,0
-0.2797,0
-0.2796,0
-0.2795,0
-0.2794,0
-0.2793,0
-0.2792,0
-0.2791,0
-0.279,0
-0.2789,0
-0.2788,0
-0.2787,0
-0.2786,0
-0.2785,0
-0.2784,0
-0.2783,0
-0.2782,0
-0.2781,0
-0.278,0
-0.2779,0
-0.2778,0
-0.2777,0
-0.2776,0
-0.2775,0
-0.2774,0
-0.2773,0
-0.2772,0
-0.2771,0
-0.277,0
-0.2769,0
-0.2768,0
-0.2767,0
-0.2766,0
-0.2765,0
-0.2764,0
-0.2763,0
-0.2762,0
-0.2761,0
-0.276,0
-0.2759,0
-0.2758,0
-0.2757,0
-0.2756,0
-0.2755,0
-0.2754,0
-0.2753,0
-0.2752,0
-0.2751,0
-0.275,0
-0.2749,0
-0.2748,0
-0.2747,0
-0.2746,0
-0.2745,0
-0.2744,0
-0.2743,0
-0.2742,0
-0.2741,0
-0.274,0
-0.2739,0
-0.2738,0
-0.2737,0
-0.2736,0
-0.2735,0
-0.2734,0
-0.2733,0
-0.2732,0
-0.2731,0
-0.273,0
-0.2729,0
-0.2728,0
-0.2727,0
-0.2726,0
-0.2725,0
-0.2724,0
-0.2723,0
-0.2722,0
-0.2721,0
-0.272,0
-0.2719,0
-0.2718,0
-0.2717,0
-0.2716,0
-0.2715,0
-0.2714,0
-0.2713,0
-0.2712,0
-0.2711,0
-0.271,0
-0.2709,0
-0.2708,0
-0.2707,0
-0.2706,0
-0.2705,0
-0.2704,0
-0.2703,0
-0.2702,0
-0.2701,0
-0.27,0
-0.2699,0
-0.2698,0
-0.2697,0
-0.2696,0
-0.2695,0
-0.2694,0
-0.2693,0
-0.2692,0
-0.2691,0
-0.269,0
-0.2689,0
-0.2688,0
-0.2687,0
-0.2686,0
-0.2685,0
-0.2684,0
-0.2683,0
-0.2682,0
-0.2681,0
-0.268,0
-0.2679,0
-0.2678,0
-0.2677,0
-0.2676,0
-0.2675,0
-0.2674,0
-0.2673,0
-0.2672,0
-0.2671,0
-0.267,0
-0.2669,0
-0.2668,0
-0.2667,0
-0.2666,0
-0.2665,0
-0.2664,0
-0.2663,0
-0.2662,0
-0.2661,0
-0.266,0
-0.2659,0
-0.2658,0
-0.2657,0
-0.2656,0
-0.2655,0
-0.2654,0
-0.2653,0
-0.2652,0
-0.2651,0
-0.265,0
-0.2649,0
-0.2648,0
-0.2647,0
-0.2646,0
-0.2645,0
-0.2644,0
-0.2643,0
-0.2642,0
-0.2641,0
-0.264,0
-0.2639,0
-0.2638,0
-0.2637,0
-0.2636,0
-0.2635,0
-0.2634,0
-0.2633,0
-0.2632,0
-0.2631,0
-0.263,0
-0.2629,0
-0.2628,0
-0.2627,0
-0.2626,0
-0.2625,0
-0.2624,0
-0.2623,0
-0.2622,0
-0.2621,0
-0.262,0
-0.2619,0
-0.2618,0
-0.2617,0
-0.2616,0
-0.2615,0
-0.2614,0
-0.2613,0
-0.2612,0
-0.2611,0
-0.261,0
-0.2609,0
-0.2608,0
-0.2607,0
-0.2606,0
-0.2605,0
-0.2604,0
-0.2603,0
-0.2602,0
-0.2601,0
-0.26,0
-0.2599,0
-0.2598,0
-0.2597,0
-0.2596,0
-0.2595,0
-0.2594,0
-0.2593,0
-0.2592,0
-0.2591,0
-0.259,0
-0.2589,0
-0.2588,0
-0.2587,0
-0.2586,0
-0.2585,0
-0.2584,0
-0.2583,0
-0.2582,0
-0.2581,0
-0.258,0
-0.2579,0
-0.2578,0
-0.2577,0
-0.2576,0
-0.2575,0
-0.2574,0
-0.2573,0
-0.2572,0
-0.2571,0
-0.257,0
-0.2569,0
-0.2568,0
-0.2567,0
-0.2566,0
-0.2565,0
-0.2564,0
-0.2563,0
-0.2562,0
-0.2561,0
-0.256,0
-0.2559,0
-0.2558,0
-0.2557,0
-0.2556,0
-0.2555,0
-0.2554,0
-0.2553,0
-0.2552,0
-0.2551,0
-0.255,0
-0.2549,0
-0.2548,0
-0.2547,0
-0.2546,0
-0.2545,0
-0.2544,0
-0.2543,0
-0.2542,0
-0.2541,0
-0.254,0
-0.2539,0
-0.2538,0
-0.2537,0
-0.2536,0
-0.2535,0
-0.2534,0
-0.2533,0
-0.2532,0
-0.2531,0
-0.253,0
-0.2529,0
-0.2528,0
-0.2527,0
-0.2526,0
-0.2525,0
-0.2524,0
-0.2523,0
-0.2522,0
-0.2521,0
-0.252,0
-0.2519,0
-0.2518,0
-0.2517,0
-0.2516,0
-0.2515,0
-0.2514,0
-0.2513,0
-0.2512,0
-0.2511,0
-0.251,0
-0.2509,0
-0.2508,0
-0.2507,0
-0.2506,0
-0.2505,0
-0.2504,0
-0.2503,0
-0.2502,0
-0.2501,0
-0.25,0
-0.2499,0
-0.2498,0
-0.2497,0
-0.2496,0
-0.2495,0
-0.2494,0
-0.2493,0
-0.2492,0
-0.2491,0
-0.249,0
-0.2489,0
-0.2488,0
-0.2487,0
-0.2486,0
-0.2485,0
-0.2484,0
-0.2483,0
-0.2482,0
-0.2481,0
-0.248,0
-0.2479,0
-0.2478,0
-0.2477,0
-0.2476,0
-0.2475,0
-0.2474,0
-0.2473,0
-0.2472,0
-0.2471,0
-0.247,0
-0.2469,0
-0.2468,0
-0.2467,0
-0.2466,0
-0.2465,0
-0.2464,0
-0.2463,0
-0.2462,0
-0.2461,0
-0.246,0
-0.2459,0
-0.2458,0
-0.2457,0
-0.2456,0
-0.2455,0
-0.2454,0
-0.2453,0
-0.2452,0
-0.2451,0
-0.245,0
-0.2449,0
-0.2448,0
-0.2447,0
-0.2446,0
-0.2445,0
-0.2444,0
-0.2443,0
-0.2442,0
-0.2441,0
-0.244,0
-0.2439,0
-0.2438,0
-0.2437,0
-0.2436,0
-0.2435,0
-0.2434,0
-0.2433,0
-0.2432,0
-0.2431,0
-0.243,0
-0.2429,0
-0.2428,0
-0.2427,0
-0.2426,0
-0.2425,0
-0.2424,0
-0.2423,0
-0.2422,0
-0.2421,0
-0.242,0
-0.2419,0
-0.2418,0
-0.2417,0
-0.2416,0
-0.2415,0
-0.2414,0
-0.2413,0
-0.2412,0
-0.2411,0
-0.241,0
-0.2409,0
-0.2408,0
-0.2407,0
-0.2406,0
-0.2405,0
-0.2404,0
-0.2403,0
-0.2402,0
-0.2401,0
-0.24,0
-0.2399,0
-0.2398,0
-0.2397,0
-0.2396,0
-0.2395,0
-0.2394,0
-0.2393,0
-0.2392,0
-0.2391,0
-0.239,0
-0.2389,0
-0.2388,0
-0.2387,0
-0.2386,0
-0.2385,0
-0.2384,0
-0.2383,0
-0.2382,0
-0.2381,0
-0.238,0
-0.2379,0
-0.2378,0
-0.2377,0
-0.2376,0
-0.2375,0
-0.2374,0
-0.2373,0
-0.2372,0
-0.2371,0
-0.237,0
-0.2369,0
-0.2368,0
-0.2367,0
-0.2366,0
-0.2365,0
-0.2364,0
-0.2363,0
-0.2362,0
-0.2361,0
-0.236,0
-0.2359,0
-0.2358,0
-0.2357,0
-0.2356,0
-0.2355,0
-0.2354,0
-0.2353,0
-0.2352,0
-0.2351,0
-0.235,0
-0.2349,0
-0.2348,0
-0.2347,0
-0.2346,0
-0.2345,0
-0.2344,0
-0.2343,0
-0.2342,0
-0.2341,0
-0.234,0
-0.2339,0
-0.2338,0
-0.2337,0
-0.2336,0
-0.2335,0
-0.2334,0
-0.2333,0
-0.2332,0
-0.2331,0
-0.233,0
-0.2329,0
-0.2328,0
-0.2327,0
-0.2326,0
-0.2325,0
-0.2324,0
-0.2323,0
-0.2322,0
-0.2321,0
-0.232,0
-0.2319,0
-0.2318,0
-0.2317,0
-0.2316,0
-0.2315,0
-0.2314,0
-0.2313,0
-0.2312,0
-0.2311,0
-0.231,0
-0.2309,0
-0.2308,0
-0.2307,0
-0.2306,0
-0.2305,0
-0.2304,0
-0.2303,0
-0.2302,0
-0.2301,0
-0.23,0
-0.2299,0
-0.2298,0
-0.2297,0
-0.2296,0
-0.2295,0
-0.2294,0
-0.2293,0
-0.2292,0
-0.2291,0
-0.229,0
-0.2289,0
-0.2288,0
-0.2287,0
-0.2286,0
-0.2285,0
-0.2284,0
-0.2283,0
-0.2282,0
-0.2281,0
-0.228,0
-0.2279,0
-0.2278,0
-0.2277,0
-0.2276,0
-0.2275,0
-0.2274,0
-0.2273,0
-0.2272,0
-0.2271,0
-0.227,0
-0.2269,0
-0.2268,0
-0.2267,0
-0.2266,0
-0.2265,0
-0.2264,0
-0.2263,0
-0.2262,0
-0.2261,0
-0.226,0
-0.2259,0
-0.2258,0
-0.2257,0
-0.2256,0
-0.2255,0
-0.2254,0
-0.2253,0
-0.2252,0
-0.2251,0
-0.225,0
-0.2249,0
-0.2248,0
-0.2247,0
-0.2246,0
-0.2245,0
-0.2244,0
-0.2243,0
-0.2242,0
-0.2241,0
-0.224,0
-0.2239,0
-0.2238,0
-0.2237,0
-0.2236,0
-0.2235,0
-0.2234,0
-0.2233,0
-0.2232,0
-0.2231,0
-0.223,0
-0.2229,0
-0.2228,0
-0.2227,0
-0.2226,0
-0.2225,0
-0.2224,0
-0.2223,0
-0.2222,0
-0.2221,0
-0.222,0
-0.2219,0
-0.2218,0
-0.2217,0
-0.2216,0
-0.2215,0
-0.2214,0
-0.2213,0
-0.2212,0
-0.2211,0
-0.221,0
-0.2209,0
-0.2208,0
-0.2207,0
-0.2206,0
-0.2205,0
-0.2204,0
-0.2203,0
-0.2202,0
-0.2201,0
-0.22,0
-0.2199,0
-0.2198,0
-0.2197,0
-0.2196,0
-0.2195,0
-0.2194,0
-0.2193,0
-0.2192,0
-0.2191,0
-0.219,0
-0.2189,0
-0.2188,0
-0.2187,0
-0.2186,0
-0.2185,0
-0.2184,0
-0.2183,0
-0.2182,0
-0.2181,0
-0.218,0
-0.2179,0
-0.2178,0
-0.2177,0
-0.2176,0
-0.2175,0
-0.2174,0
-0.2173,0
-0.2172,0
-0.2171,0
-0.217,0
-0.2169,0
-0.2168,0
-0.2167,0
-0.2166,0
-0.2165,0
-0.2164,0
-0.2163,0
-0.2162,0
-0.2161,0
-0.216,0
-0.2159,0
-0.2158,0
-0.2157,0
-0.2156,0
-0.2155,0
-0.2154,0
-0.2153,0
-0.2152,0
-0.2151,0
-0.215,0
-0.2149,0
-0.2148,0
-0.2147,0
-0.2146,0
-0.2145,0
-0.2144,0
-0.2143,0
-0.2142,0
-0.2141,0
-0.214,0
-0.2139,0
-0.2138,0
-0.2137,0
-0.2136,0
-0.2135,0
-0.2134,0
-0.2133,0
-0.2132,0
-0.2131,0
-0.213,0
-0.2129,0
-0.2128,0
-0.2127,0
-0.2126,0
-0.2125,0
-0.2124,0
-0.2123,0
-0.2122,0
-0.2121,0
-0.212,0
-0.2119,0
-0.2118,0
-0.2117,0
-0.2116,0
-0.2115,0
-0.2114,0
-0.2113,0
-0.2112,0
-0.2111,0
-0.211,0
-0.2109,0
-0.2108,0
-0.2107,0
-0.2106,0
-0.2105,0
-0.2104,0
-0.2103,0
-0.2102,0
-0.2101,0
-0.21,0
-0.2099,0
-0.2098,0
-0.2097,0
-0.2096,0
-0.2095,0
-0.2094,0
-0.2093,0
-0.2092,0
-0.2091,0
-0.209,0
-0.2089,0
-0.2088,0
-0.2087,0
-0.2086,0
-0.2085,0
-0.2084,0
-0.2083,0
-0.2082,0
-0.2081,0
-0.208,0
-0.2079,0
-0.2078,0
-0.2077,0
-0.2076,0
-0.2075,0
-0.2074,0
-0.2073,0
-0.2072,0
-0.2071,0
-0.207,0
-0.2069,0
-0.2068,0
-0.2067,0
-0.2066,0
-0.2065,0
-0.2064,0
-0.2063,0
-0.2062,0
-0.2061,0
-0.206,0
-0.2059,0
-0.2058,0
-0.2057,0
-0.2056,0
-0.2055,0
-0.2054,0
-0.2053,0
-0.2052,0
-0.2051,0
-0.205,0
-0.2049,0
-0.2048,0
-0.2047,0
-0.2046,0
-0.2045,0
-0.2044,0
-0.2043,0
-0.2042,0
-0.2041,0
-0.204,0
-0.2039,0
-0.2038,0
-0.2037,0
-0.2036,0
-0.2035,0
-0.2034,0
-0.2033,0
-0.2032,0
-0.2031,0
-0.203,0
-0.2029,0
-0.2028,0
-0.2027,0
-0.2026,0
-0.2025,0
-0.2024,0
-0.2023,0
-0.2022,0
-0.2021,0
-0.202,0
-0.2019,0
-0.2018,0
-0.2017,0
-0.2016,0
-0.2015,0
-0.2014,0
-0.2013,0
-0.2012,0
-0.2011,0
-0.201,0
-0.2009,0
-0.2008,0
-0.2007,0
-0.2006,0
-0.2005,0
-0.2004,0
-0.2003,0
-0.2002,0
-0.2001,0
-0.2,0
-0.1999,0
-0.1998,0
-0.1997,0
-0.1996,0
-0.1995,0
-0.1994,0
-0.1993,0
-0.1992,0
-0.1991,0
-0.199,0
-0.1989,0
-0.1988,0
-0.1987,0
-0.1986,0
-0.1985,0
-0.1984,0
-0.1983,0
-0.1982,0
-0.1981,0
-0.198,0
-0.1979,0
-0.1978,0
-0.1977,0
-0.1976,0
-0.1975,0
-0.1974,0
-0.1973,0
-0.1972,0
-0.1971,0
-0.197,0
-0.1969,0
-0.1968,0
-0.1967,0
-0.1966,0
-0.1965,0
-0.1964,0
-0.1963,0
-0.1962,0
-0.1961,0
-0.196,0
-0.1959,0
-0.1958,0
-0.1957,0
-0.1956,0
-0.1955,0
-0.1954,0
-0.1953,0
-0.1952,0
-0.1951,0
-0.195,0
-0.1949,0
-0.1948,0
-0.1947,0
-0.1946,0
-0.1945,0
-0.1944,0
-0.1943,0
-0.1942,0
-0.1941,0
-0.194,0
-0.1939,0
-0.1938,0
-0.1937,0
-0.1936,0
-0.1935,0
-0.1934,0
-0.1933,0
-0.1932,0
-0.1931,0
-0.193,0
-0.1929,0
-0.1928,0
-0.1927,0
-0.1926,0
-0.1925,0
-0.1924,0
-0.1923,0
-0.1922,0
-0.1921,0
-0.192,0
-0.1919,0
-0.1918,0
-0.1917,0
-0.1916,0
-0.1915,0
-0.1914,0
-0.1913,0
-0.1912,0
-0.1911,0
-0.191,0
-0.1909,0
-0.1908,0
-0.1907,0
-0.1906,0
-0.1905,0
-0.1904,0
-0.1903,0
-0.1902,0
-0.1901,0
-0.19,0
-0.1899,0
-0.1898,0
-0.1897,0
-0.1896,0
-0.1895,0
-0.1894,0
-0.1893,0
-0.1892,0
-0.1891,0
-0.189,0
-0.1889,0
-0.1888,0
-0.1887,0
-0.1886,0
-0.1885,0
-0.1884,0
-0.1883,0
-0.1882,0
-0.1881,0
-0.188,0
-0.1879,0
-0.1878,0
-0.1877,0
-0.1876,0
-0.1875,0
-0.1874,0
-0.1873,0
-0.1872,0
-0.1871,0
-0.187,0
-0.1869,0
-0.1868,0
-0.1867,0
-0.1866,0
-0.1865,0
-0.1864,0
-0.1863,0
-0.1862,0
-0.1861,0
-0.186,0
-0.1859,0
-0.1858,0
-0.1857,0
-0.1856,0
-0.1855,0
-0.1854,0
-0.1853,0
-0.1852,0
-0.1851,0
-0.185,0
-0.1849,0
-0.1848,0
-0.1847,0
-0.1846,0
-0.1845,0
-0.1844,0
-0.1843,0
-0.1842,0
-0.1841,0
-0.184,0
-0.1839,0
-0.1838,0
-0.1837,0
-0.1836,0
-0.1835,0
-0.1834,0
-0.1833,0
-0.1832,0
-0.1831,0
-0.183,0
-0.1829,0
-0.1828,0
-0.1827,0
-0.1826,0
-0.1825,0
-0.1824,0
-0.1823,0
-0.1822,0
-0.1821,0
-0.182,0
-0.1819,0
-0.1818,0
-0.1817,0
-0.1816,0
-0.1815,0
-0.1814,0
-0.1813,0
-0.1812,0
-0.1811,0
-0.181,0
-0.1809,0
-0.1808,0
-0.1807,0
-0.1806,0
-0.1805,0
-0.1804,0
-0.1803,0
-0.1802,0
-0.1801,0
-0.18,0
-0.1799,0
-0.1798,0
-0.1797,0
-0.1796,0
-0.1795,0
-0.1794,0
-0.1793,0
-0.1792,0
-0.1791,0
-0.179,0
-0.1789,0
-0.1788,0
-0.1787,0
-0.1786,0
-0.1785,0
-0.1784,0
-0.1783,0
-0.1782,0
-0.1781,0
-0.178,0
-0.1779,0
-0.1778,0
-0.1777,0
-0.1776,0
-0.1775,0
-0.1774,0
-0.1773,0
-0.1772,0
-0.1771,0
-0.177,0
-0.1769,0
-0.1768,0
-0.1767,0
-0.1766,0
-0.1765,0
-0.1764,0
-0.1763,0
-0.1762,0
-0.1761,0
-0.176,0
-0.1759,0
-0.1758,0
-0.1757,0
-0.1756,0
-0.1755,0
-0.1754,0
-0.1753,0
-0.1752,0
-0.1751,0
-0.175,0
-0.1749,0
-0.1748,0
-0.1747,0
-0.1746,0
-0.1745,0
-0.1744,0
-0.1743,0
-0.1742,0
-0.1741,0
-0.174,0
-0.1739,0
-0.1738,0
-0.1737,0
-0.1736,0
-0.1735,0
-0.1734,0
-0.1733,0
-0.1732,0
-0.1731,0
-0.173,0
-0.1729,0
-0.1728,0
-0.1727,0
-0.1726,0
-0.1725,0
-0.1724,0
-0.1723,0
-0.1722,0
-0.1721,0
-0.172,0
-0.1719,0
-0.1718,0
-0.1717,0
-0.1716,0
-0.1715,0
-0.1714,0
-0.1713,0
-0.1712,0
-0.1711,0
-0.171,0
-0.1709,0
-0.1708,0
-0.1707,0
-0.1706,0
-0.1705,0
-0.1704,0
-0.1703,0
-0.1702,0
-0.1701,0
-0.17,7.71E-06
-0.1699,5.93E-06
-0.1698,4.31E-06
-0.1697,2.84E-06
-0.1696,1.52E-06
-0.1695,3.47E-07
-0.1694,-6.86E-07
-0.1693,-1.58E-06
-0.1692,-2.35E-06
-0.1691,-2.99E-06
-0.169,-3.51E-06
-0.1689,-3.92E-06
-0.1688,-4.22E-06
-0.1687,-4.41E-06
-0.1686,-4.50E-06
-0.1685,-4.51E-06
-0.1684,-4.43E-06
-0.1683,-4.27E-06
-0.1682,-4.03E-06
-0.1681,-3.73E-06
-0.168,-3.37E-06
-0.1679,-2.95E-06
-0.1678,-2.48E-06
-0.1677,-1.98E-06
-0.1676,-1.44E-06
-0.1675,-8.75E-07
-0.1674,-2.90E-07
-0.1673,3.07E-07
-0.1672,9.09E-07
-0.1671,1.51E-06
-0.167,2.10E-06
-0.1669,2.67E-06
-0.1668,3.21E-06
-0.1667,3.72E-06
-0.1666,4.19E-06
-0.1665,4.61E-06
-0.1664,4.97E-06
-0.1663,5.27E-06
-0.1662,5.48E-06
-0.1661,5.62E-06
-0.166,5.66E-06
-0.1659,5.60E-06
-0.1658,5.43E-06
-0.1657,5.14E-06
-0.1656,4.72E-06
-0.1655,4.16E-06
-0.1654,3.45E-06
-0.1653,2.59E-06
-0.1652,1.55E-06
-0.1651,3.44E-07
-0.165,-1.05E-06
-0.1649,-2.65E-06
-0.1648,-4.45E-06
-0.1647,-6.46E-06
-0.1646,-8.71E-06
-0.1645,-1.12E-05
-0.1644,-1.39E-05
-0.1643,-1.69E-05
-0.1642,-2.02E-05
-0.1641,-2.37E-05
-0.164,-2.76E-05
-0.1639,-3.17E-05
-0.1638,-3.62E-05
-0.1637,-4.10E-05
-0.1636,-4.61E-05
-0.1635,-5.16E-05
-0.1634,-5.74E-05
-0.1633,-6.36E-05
-0.1632,-7.02E-05
-0.1631,-7.72E-05
-0.163,-8.46E-05
-0.1629,-9.24E-05
-0.1628,-0.000100693
-0.1627,-0.000109403
-0.1626,-0.000118573
-0.1625,-0.000128217
-0.1624,-0.000138347
-0.1623,-0.000148977
-0.1622,-0.000160119
-0.1621,-0.000171786
-0.162,-0.000183993
-0.1619,-0.000196753
-0.1618,-0.00021008
-0.1617,-0.000223986
-0.1616,-0.000238487
-0.1615,-0.000253596
-0.1614,-0.000269327
-0.1613,-0.000285694
-0.1612,-0.000302713
-0.1611,-0.000320396
-0.161,-0.00033876
-0.1609,-0.000357818
-0.1608,-0.000377585
-0.1607,-0.000398077
-0.1606,-0.000419308
-0.1605,-0.000441293
-0.1604,-0.000464048
-0.1603,-0.000487589
-0.1602,-0.00051193
-0.1601,-0.000537087
-0.16,-0.000547775
-0.1599,-0.000570982
-0.1598,-0.000594691
-0.1597,-0.000618885
-0.1596,-0.000643549
-0.1595,-0.00066867
-0.1594,-0.000694231
-0.1593,-0.00072022
-0.1592,-0.000746621
-0.1591,-0.000773421
-0.159,-0.000800606
-0.1589,-0.000828163
-0.1588,-0.000856079
-0.1587,-0.000884341
-0.1586,-0.000912935
-0.1585,-0.00094185
-0.1584,-0.000971073
-0.1583,-0.001000593
-0.1582,-0.001030396
-0.1581,-0.001060472
-0.158,-0.00109081
-0.1579,-0.001121398
-0.1578,-0.001152224
-0.1577,-0.00118328
-0.1576,-0.001214554
-0.1575,-0.001246035
-0.1574,-0.001277714
-0.1573,-0.001309582
-0.1572,-0.001341628
-0.1571,-0.001373843
-0.157,-0.001406218
-0.1569,-0.001438744
-0.1568,-0.001471413
-0.1567,-0.001504216
-0.1566,-0.001537145
-0.1565,-0.001570192
-0.1564,-0.00160335
-0.1563,-0.00163661
-0.1562,-0.001669965
-0.1561,-0.001703409
-0.156,-0.001736934
-0.1559,-0.001770535
-0.1558,-0.001804204
-0.1557,-0.001837936
-0.1556,-0.001871724
-0.1555,-0.001905562
-0.1554,-0.001939447
-0.1553,-0.001973371
-0.1552,-0.002007331
-0.1551,-0.002041321
-0.155,-0.002075336
-0.1549,-0.002109374
-0.1548,-0.002143428
-0.1547,-0.002177496
-0.1546,-0.002211574
-0.1545,-0.002245658
-0.1544,-0.002279746
-0.1543,-0.002313833
-0.1542,-0.002347919
-0.1541,-0.002381999
-0.154,-0.002416072
-0.1539,-0.002450136
-0.1538,-0.002484188
-0.1537,-0.002518228
-0.1536,-0.002552254
-0.1535,-0.002586264
-0.1534,-0.002620258
-0.1533,-0.002654235
-0.1532,-0.002688195
-0.1531,-0.002722137
-0.153,-0.002756062
-0.1529,-0.002789969
-0.1528,-0.002823859
-0.1527,-0.002857733
-0.1526,-0.002891592
-0.1525,-0.002925436
-0.1524,-0.002959267
-0.1523,-0.002993087
-0.1522,-0.003026898
-0.1521,-0.003060701
-0.152,-0.003094498
-0.1519,-0.003128293
-0.1518,-0.003162088
-0.1517,-0.003195886
-0.1516,-0.00322969
-0.1515,-0.003263503
-0.1514,-0.00329733
-0.1513,-0.003331173
-0.1512,-0.003365037
-0.1511,-0.003398927
-0.151,-0.003432846
-0.1509,-0.0034668
-0.1508,-0.003500794
-0.1507,-0.003534833
-0.1506,-0.003568921
-0.1505,-0.003603066
-0.1504,-0.003637272
-0.1503,-0.003671547
-0.1502,-0.003705895
-0.1501,-0.003740325
-0.15,-0.003767228
-0.1499,-0.003800358
-0.1498,-0.003833178
-0.1497,-0.003865696
-0.1496,-0.003897919
-0.1495,-0.003929855
-0.1494,-0.003961509
-0.1493,-0.003992888
-0.1492,-0.004024
-0.1491,-0.004054849
-0.149,-0.004085444
-0.1489,-0.00411579
-0.1488,-0.004145892
-0.1487,-0.004175757
-0.1486,-0.004205391
-0.1485,-0.0042348
-0.1484,-0.004263988
-0.1483,-0.004292962
-0.1482,-0.004321726
-0.1481,-0.004350286
-0.148,-0.004378647
-0.1479,-0.004406814
-0.1478,-0.004434791
-0.1477,-0.004462584
-0.1476,-0.004490196
-0.1475,-0.004517633
-0.1474,-0.004544898
-0.1473,-0.004571996
-0.1472,-0.004598931
-0.1471,-0.004625706
-0.147,-0.004652326
-0.1469,-0.004678794
-0.1468,-0.004705114
-0.1467,-0.004731289
-0.1466,-0.004757323
-0.1465,-0.004783218
-0.1464,-0.004808978
-0.1463,-0.004834605
-0.1462,-0.004860103
-0.1461,-0.004885474
-0.146,-0.004910721
-0.1459,-0.004935845
-0.1458,-0.00496085
-0.1457,-0.004985738
-0.1456,-0.00501051
-0.1455,-0.005035169
-0.1454,-0.005059716
-0.1453,-0.005084154
-0.1452,-0.005108482
-0.1451,-0.005132704
-0.145,-0.00515682
-0.1449,-0.005180832
-0.1448,-0.00520474
-0.1447,-0.005228546
-0.1446,-0.005252249
-0.1445,-0.005275852
-0.1444,-0.005299354
-0.1443,-0.005322757
-0.1442,-0.005346059
-0.1441,-0.005369262
-0.144,-0.005392365
-0.1439,-0.005415369
-0.1438,-0.005438273
-0.1437,-0.005461076
-0.1436,-0.005483779
-0.1435,-0.005506381
-0.1434,-0.005528882
-0.1433,-0.005551279
-0.1432,-0.005573573
-0.1431,-0.005595762
-0.143,-0.005617845
-0.1429,-0.005639821
-0.1428,-0.005661689
-0.1427,-0.005683446
-0.1426,-0.005705091
-0.1425,-0.005726623
-0.1424,-0.005748038
-0.1423,-0.005769336
-0.1422,-0.005790514
-0.1421,-0.00581157
-0.142,-0.005832501
-0.1419,-0.005853305
-0.1418,-0.005873979
-0.1417,-0.00589452
-0.1416,-0.005914925
-0.1415,-0.005935191
-0.1414,-0.005955316
-0.1413,-0.005975295
-0.1412,-0.005995125
-0.1411,-0.006014802
-0.141,-0.006034324
-0.1409,-0.006053686
-0.1408,-0.006072884
-0.1407,-0.006091914
-0.1406,-0.006110772
-0.1405,-0.006129454
-0.1404,-0.006147954
-0.1403,-0.006166269
-0.1402,-0.006184395
-0.1401,-0.006202325
-0.14,-0.006219022
-0.1399,-0.006237912
-0.1398,-0.006256845
-0.1397,-0.00627582
-0.1396,-0.006294838
-0.1395,-0.006313898
-0.1394,-0.006332999
-0.1393,-0.006352141
-0.1392,-0.006371324
-0.1391,-0.006390547
-0.139,-0.00640981
-0.1389,-0.006429113
-0.1388,-0.006448455
-0.1387,-0.006467837
-0.1386,-0.006487258
-0.1385,-0.006506718
-0.1384,-0.006526217
-0.1383,-0.006545755
-0.1382,-0.006565333
-0.1381,-0.006584949
-0.138,-0.006604605
-0.1379,-0.006624301
-0.1378,-0.006644036
-0.1377,-0.006663811
-0.1376,-0.006683626
-0.1375,-0.006703481
-0.1374,-0.006723378
-0.1373,-0.006743315
-0.1372,-0.006763295
-0.1371,-0.006783316
-0.137,-0.00680338
-0.1369,-0.006823487
-0.1368,-0.006843638
-0.1367,-0.006863833
-0.1366,-0.006884074
-0.1365,-0.00690436
-0.1364,-0.006924693
-0.1363,-0.006945073
-0.1362,-0.006965501
-0.1361,-0.006985978
-0.136,-0.007006505
-0.1359,-0.007027083
-0.1358,-0.007047713
-0.1357,-0.007068396
-0.1356,-0.007089133
-0.1355,-0.007109925
-0.1354,-0.007130773
-0.1353,-0.007151678
-0.1352,-0.007172642
-0.1351,-0.007193666
-0.135,-0.007214751
-0.1349,-0.007235899
-0.1348,-0.007257111
-0.1347,-0.007278388
-0.1346,-0.007299732
-0.1345,-0.007321144
-0.1344,-0.007342627
-0.1343,-0.00736418
-0.1342,-0.007385807
-0.1341,-0.007407509
-0.134,-0.007429287
-0.1339,-0.007451144
-0.1338,-0.00747308
-0.1337,-0.007495098
-0.1336,-0.0075172
-0.1335,-0.007539388
-0.1334,-0.007561663
-0.1333,-0.007584028
-0.1332,-0.007606484
-0.1331,-0.007629034
-0.133,-0.00765168
-0.1329,-0.007674424
-0.1328,-0.007697268
-0.1327,-0.007720214
-0.1326,-0.007743265
-0.1325,-0.007766422
-0.1324,-0.007789689
-0.1323,-0.007813067
-0.1322,-0.00783656
-0.1321,-0.007860169
-0.132,-0.007883897
-0.1319,-0.007907747
-0.1318,-0.00793172
-0.1317,-0.007955821
-0.1316,-0.007980051
-0.1315,-0.008004413
-0.1314,-0.00802891
-0.1313,-0.008053545
-0.1312,-0.00807832
-0.1311,-0.008103238
-0.131,-0.008128303
-0.1309,-0.008153517
-0.1308,-0.008178883
-0.1307,-0.008204404
-0.1306,-0.008230084
-0.1305,-0.008255925
-0.1304,-0.008281931
-0.1303,-0.008308104
-0.1302,-0.008334448
-0.1301,-0.008360966
-0.13,-0.008380563
-0.1299,-0.00840637
-0.1298,-0.008432154
-0.1297,-0.008457921
-0.1296,-0.008483678
-0.1295,-0.008509432
-0.1294,-0.008535189
-0.1293,-0.008560955
-0.1292,-0.008586736
-0.1291,-0.008612537
-0.129,-0.008638363
-0.1289,-0.00866422
-0.1288,-0.008690111
-0.1287,-0.008716042
-0.1286,-0.008742016
-0.1285,-0.008768037
-0.1284,-0.008794109
-0.1283,-0.008820234
-0.1282,-0.008846416
-0.1281,-0.008872658
-0.128,-0.008898962
-0.1279,-0.00892533
-0.1278,-0.008951764
-0.1277,-0.008978265
-0.1276,-0.009004836
-0.1275,-0.009031476
-0.1274,-0.009058187
-0.1273,-0.009084969
-0.1272,-0.009111822
-0.1271,-0.009138747
-0.127,-0.009165743
-0.1269,-0.009192809
-0.1268,-0.009219944
-0.1267,-0.009247148
-0.1266,-0.009274419
-0.1265,-0.009301755
-0.1264,-0.009329154
-0.1263,-0.009356614
-0.1262,-0.009384133
-0.1261,-0.009411707
-0.126,-0.009439333
-0.1259,-0.009467008
-0.1258,-0.009494729
-0.1257,-0.009522492
-0.1256,-0.009550292
-0.1255,-0.009578124
-0.1254,-0.009605985
-0.1253,-0.009633869
-0.1252,-0.009661771
-0.1251,-0.009689684
-0.125,-0.009717605
-0.1249,-0.009745525
-0.1248,-0.00977344
-0.1247,-0.009801341
-0.1246,-0.009829223
-0.1245,-0.009857078
-0.1244,-0.009884898
-0.1243,-0.009912676
-0.1242,-0.009940404
-0.1241,-0.009968073
-0.124,-0.009995674
-0.1239,-0.0100232
-0.1238,-0.01005064
-0.1237,-0.010077986
-0.1236,-0.010105227
-0.1235,-0.010132354
-0.1234,-0.010159356
-0.1233,-0.010186223
-0.1232,-0.010212943
-0.1231,-0.010239507
-0.123,-0.010265903
-0.1229,-0.010292118
-0.1228,-0.010318141
-0.1227,-0.01034396
-0.1226,-0.010369562
-0.1225,-0.010394935
-0.1224,-0.010420066
-0.1223,-0.010444941
-0.1222,-0.010469546
-0.1221,-0.010493869
-0.122,-0.010517894
-0.1219,-0.010541608
-0.1218,-0.010564995
-0.1217,-0.010588041
-0.1216,-0.010610731
-0.1215,-0.010633049
-0.1214,-0.010654979
-0.1213,-0.010676506
-0.1212,-0.010697612
-0.1211,-0.010718282
-0.121,-0.010738498
-0.1209,-0.010758244
-0.1208,-0.010777501
-0.1207,-0.010796253
-0.1206,-0.010814481
-0.1205,-0.010832167
-0.1204,-0.010849292
-0.1203,-0.010865838
-0.1202,-0.010881786
-0.1201,-0.010897116
-0.12,-0.010900905
-0.1199,-0.010918213
-0.1198,-0.010934533
-0.1197,-0.010949893
-0.1196,-0.010964321
-0.1195,-0.010977842
-0.1194,-0.010990485
-0.1193,-0.011002273
-0.1192,-0.011013234
-0.1191,-0.011023392
-0.119,-0.011032772
-0.1189,-0.011041399
-0.1188,-0.011049297
-0.1187,-0.011056488
-0.1186,-0.011062997
-0.1185,-0.011068846
-0.1184,-0.011074058
-0.1183,-0.011078654
-0.1182,-0.011082657
-0.1181,-0.011086087
-0.118,-0.011088965
-0.1179,-0.011091312
-0.1178,-0.011093147
-0.1177,-0.011094491
-0.1176,-0.011095361
-0.1175,-0.011095778
-0.1174,-0.01109576
-0.1173,-0.011095324
-0.1172,-0.011094488
-0.1171,-0.01109327
-0.117,-0.011091685
-0.1169,-0.011089752
-0.1168,-0.011087484
-0.1167,-0.011084899
-0.1166,-0.011082011
-0.1165,-0.011078835
-0.1164,-0.011075385
-0.1163,-0.011071676
-0.1162,-0.01106772
-0.1161,-0.011063532
-0.116,-0.011059124
-0.1159,-0.011054508
-0.1158,-0.011049696
-0.1157,-0.0110447
-0.1156,-0.011039531
-0.1155,-0.0110342
-0.1154,-0.011028717
-0.1153,-0.011023092
-0.1152,-0.011017334
-0.1151,-0.011011454
-0.115,-0.011005459
-0.1149,-0.010999358
-0.1148,-0.010993159
-0.1147,-0.010986869
-0.1146,-0.010980496
-0.1145,-0.010974046
-0.1144,-0.010967526
-0.1143,-0.010960942
-0.1142,-0.010954299
-0.1141,-0.010947602
-0.114,-0.010940857
-0.1139,-0.010934067
-0.1138,-0.010927236
-0.1137,-0.010920369
-0.1136,-0.010913467
-0.1135,-0.010906535
-0.1134,-0.010899573
-0.1133,-0.010892585
-0.1132,-0.010885572
-0.1131,-0.010878534
-0.113,-0.010871473
-0.1129,-0.010864389
-0.1128,-0.010857282
-0.1127,-0.010850151
-0.1126,-0.010842996
-0.1125,-0.010835815
-0.1124,-0.010828606
-0.1123,-0.010821368
-0.1122,-0.010814098
-0.1121,-0.010806794
-0.112,-0.010799451
-0.1119,-0.010792066
-0.1118,-0.010784636
-0.1117,-0.010777155
-0.1116,-0.010769619
-0.1115,-0.010762023
-0.1114,-0.01075436
-0.1113,-0.010746626
-0.1112,-0.010738812
-0.1111,-0.010730913
-0.111,-0.010722921
-0.1109,-0.010714828
-0.1108,-0.010706627
-0.1107,-0.010698309
-0.1106,-0.010689865
-0.1105,-0.010681285
-0.1104,-0.01067256
-0.1103,-0.01066368
-0.1102,-0.010654635
-0.1101,-0.010645413
-0.11,-0.010642295
-0.1099,-0.010634601
-0.1098,-0.010627014
-0.1097,-0.010619536
-0.1096,-0.010612168
-0.1095,-0.010604911
-0.1094,-0.010597768
-0.1093,-0.010590738
-0.1092,-0.010583823
-0.1091,-0.010577025
-0.109,-0.010570345
-0.1089,-0.010563783
-0.1088,-0.010557341
-0.1087,-0.01055102
-0.1086,-0.01054482
-0.1085,-0.010538743
-0.1084,-0.01053279
-0.1083,-0.010526962
-0.1082,-0.010521259
-0.1081,-0.010515682
-0.108,-0.010510232
-0.1079,-0.010504911
-0.1078,-0.010499718
-0.1077,-0.010494655
-0.1076,-0.010489722
-0.1075,-0.01048492
-0.1074,-0.010480249
-0.1073,-0.01047571
-0.1072,-0.010471304
-0.1071,-0.010467031
-0.107,-0.010462891
-0.1069,-0.010458886
-0.1068,-0.010455015
-0.1067,-0.010451279
-0.1066,-0.010447679
-0.1065,-0.010444214
-0.1064,-0.010440885
-0.1063,-0.010437693
-0.1062,-0.010434637
-0.1061,-0.010431717
-0.106,-0.010428935
-0.1059,-0.01042629
-0.1058,-0.010423782
-0.1057,-0.010421411
-0.1056,-0.010419177
-0.1055,-0.010417081
-0.1054,-0.010415122
-0.1053,-0.010413301
-0.1052,-0.010411617
-0.1051,-0.01041007
-0.105,-0.010408659
-0.1049,-0.010407386
-0.1048,-0.01040625
-0.1047,-0.010405249
-0.1046,-0.010404385
-0.1045,-0.010403657
-0.1044,-0.010403064
-0.1043,-0.010402606
-0.1042,-0.010402284
-0.1041,-0.010402095
-0.104,-0.01040204
-0.1039,-0.010402119
-0.1038,-0.010402331
-0.1037,-0.010402675
-0.1036,-0.01040315
-0.1035,-0.010403757
-0.1034,-0.010404495
-0.1033,-0.010405362
-0.1032,-0.010406358
-0.1031,-0.010407482
-0.103,-0.010408735
-0.1029,-0.010410114
-0.1028,-0.010411618
-0.1027,-0.010413248
-0.1026,-0.010415003
-0.1025,-0.01041688
-0.1024,-0.01041888
-0.1023,-0.010421
-0.1022,-0.010423242
-0.1021,-0.010425602
-0.102,-0.01042808
-0.1019,-0.010430676
-0.1018,-0.010433387
-0.1017,-0.010436213
-0.1016,-0.010439152
-0.1015,-0.010442203
-0.1014,-0.010445366
-0.1013,-0.010448637
-0.1012,-0.010452017
-0.1011,-0.010455504
-0.101,-0.010459096
-0.1009,-0.010462793
-0.1008,-0.010466591
-0.1007,-0.010470491
-0.1006,-0.01047449
-0.1005,-0.010478587
-0.1004,-0.01048278
-0.1003,-0.010487068
-0.1002,-0.010491449
-0.1001,-0.010495921
-0.1,-0.010497091
-0.0999,-0.010500523
-0.0998,-0.010504177
-0.0997,-0.010508043
-0.0996,-0.01051211
-0.0995,-0.010516369
-0.0994,-0.010520812
-0.0993,-0.010525428
-0.0992,-0.01053021
-0.0991,-0.010535147
-0.099,-0.010540232
-0.0989,-0.010545455
-0.0988,-0.010550809
-0.0987,-0.010556284
-0.0986,-0.010561874
-0.0985,-0.010567569
-0.0984,-0.010573362
-0.0983,-0.010579246
-0.0982,-0.010585212
-0.0981,-0.010591254
-0.098,-0.010597364
-0.0979,-0.010603535
-0.0978,-0.01060976
-0.0977,-0.010616033
-0.0976,-0.010622346
-0.0975,-0.010628693
-0.0974,-0.010635067
-0.0973,-0.010641464
-0.0972,-0.010647876
-0.0971,-0.010654297
-0.097,-0.010660722
-0.0969,-0.010667145
-0.0968,-0.010673561
-0.0967,-0.010679964
-0.0966,-0.010686349
-0.0965,-0.010692711
-0.0964,-0.010699046
-0.0963,-0.010705347
-0.0962,-0.010711612
-0.0961,-0.010717835
-0.096,-0.010724012
-0.0959,-0.010730139
-0.0958,-0.010736212
-0.0957,-0.010742227
-0.0956,-0.01074818
-0.0955,-0.010754068
-0.0954,-0.010759888
-0.0953,-0.010765635
-0.0952,-0.010771307
-0.0951,-0.010776902
-0.095,-0.010782415
-0.0949,-0.010787845
-0.0948,-0.010793189
-0.0947,-0.010798444
-0.0946,-0.010803609
-0.0945,-0.010808681
-0.0944,-0.010813658
-0.0943,-0.010818538
-0.0942,-0.010823321
-0.0941,-0.010828003
-0.094,-0.010832585
-0.0939,-0.010837064
-0.0938,-0.01084144
-0.0937,-0.010845711
-0.0936,-0.010849878
-0.0935,-0.010853939
-0.0934,-0.010857894
-0.0933,-0.010861742
-0.0932,-0.010865484
-0.0931,-0.010869119
-0.093,-0.010872647
-0.0929,-0.01087607
-0.0928,-0.010879386
-0.0927,-0.010882597
-0.0926,-0.010885704
-0.0925,-0.010888706
-0.0924,-0.010891606
-0.0923,-0.010894405
-0.0922,-0.010897103
-0.0921,-0.010899702
-0.092,-0.010902204
-0.0919,-0.01090461
-0.0918,-0.010906923
-0.0917,-0.010909144
-0.0916,-0.010911276
-0.0915,-0.01091332
-0.0914,-0.01091528
-0.0913,-0.010917158
-0.0912,-0.010918956
-0.0911,-0.010920678
-0.091,-0.010922327
-0.0909,-0.010923906
-0.0908,-0.010925418
-0.0907,-0.010926867
-0.0906,-0.010928256
-0.0905,-0.01092959
-0.0904,-0.010930872
-0.0903,-0.010932106
-0.0902,-0.010933296
-0.0901,-0.010934448
-0.09,-0.010930763
-0.0899,-0.010932492
-0.0898,-0.01093398
-0.0897,-0.010935237
-0.0896,-0.010936271
-0.0895,-0.010937091
-0.0894,-0.010937705
-0.0893,-0.010938123
-0.0892,-0.01093835
-0.0891,-0.010938397
-0.089,-0.01093827
-0.0889,-0.010937976
-0.0888,-0.010937524
-0.0887,-0.010936921
-0.0886,-0.010936173
-0.0885,-0.010935288
-0.0884,-0.010934272
-0.0883,-0.010933131
-0.0882,-0.010931873
-0.0881,-0.010930504
-0.088,-0.010929029
-0.0879,-0.010927454
-0.0878,-0.010925786
-0.0877,-0.010924029
-0.0876,-0.01092219
-0.0875,-0.010920273
-0.0874,-0.010918284
-0.0873,-0.010916227
-0.0872,-0.010914107
-0.0871,-0.010911929
-0.087,-0.010909697
-0.0869,-0.010907416
-0.0868,-0.010905089
-0.0867,-0.010902721
-0.0866,-0.010900314
-0.0865,-0.010897874
-0.0864,-0.010895402
-0.0863,-0.010892903
-0.0862,-0.010890379
-0.0861,-0.010887834
-0.086,-0.01088527
-0.0859,-0.01088269
-0.0858,-0.010880096
-0.0857,-0.01087749
-0.0856,-0.010874875
-0.0855,-0.010872252
-0.0854,-0.010869623
-0.0853,-0.01086699
-0.0852,-0.010864354
-0.0851,-0.010861717
-0.085,-0.010859079
-0.0849,-0.010856442
-0.0848,-0.010853806
-0.0847,-0.010851171
-0.0846,-0.010848539
-0.0845,-0.010845909
-0.0844,-0.010843282
-0.0843,-0.010840657
-0.0842,-0.010838035
-0.0841,-0.010835414
-0.084,-0.010832795
-0.0839,-0.010830176
-0.0838,-0.010827556
-0.0837,-0.010824936
-0.0836,-0.010822312
-0.0835,-0.010819685
-0.0834,-0.010817051
-0.0833,-0.010814411
-0.0832,-0.010811761
-0.0831,-0.010809099
-0.083,-0.010806425
-0.0829,-0.010803733
-0.0828,-0.010801024
-0.0827,-0.010798293
-0.0826,-0.010795538
-0.0825,-0.010792755
-0.0824,-0.010789942
-0.0823,-0.010787095
-0.0822,-0.010784211
-0.0821,-0.010781285
-0.082,-0.010778314
-0.0819,-0.010775294
-0.0818,-0.010772221
-0.0817,-0.01076909
-0.0816,-0.010765896
-0.0815,-0.010762635
-0.0814,-0.010759303
-0.0813,-0.010755893
-0.0812,-0.010752401
-0.0811,-0.010748821
-0.081,-0.010745148
-0.0809,-0.010741376
-0.0808,-0.010737499
-0.0807,-0.010733511
-0.0806,-0.010729406
-0.0805,-0.010725178
-0.0804,-0.010720819
-0.0803,-0.010716323
-0.0802,-0.010711684
-0.0801,-0.010706894
-0.08,-0.010709977
-0.0799,-0.010706769
-0.0798,-0.010703633
-0.0797,-0.010700569
-0.0796,-0.010697573
-0.0795,-0.010694645
-0.0794,-0.010691782
-0.0793,-0.010688984
-0.0792,-0.010686248
-0.0791,-0.010683572
-0.079,-0.010680956
-0.0789,-0.010678397
-0.0788,-0.010675895
-0.0787,-0.010673447
-0.0786,-0.010671052
-0.0785,-0.01066871
-0.0784,-0.010666418
-0.0783,-0.010664175
-0.0782,-0.010661981
-0.0781,-0.010659833
-0.078,-0.010657731
-0.0779,-0.010655673
-0.0778,-0.010653658
-0.0777,-0.010651685
-0.0776,-0.010649753
-0.0775,-0.010647862
-0.0774,-0.010646009
-0.0773,-0.010644194
-0.0772,-0.010642416
-0.0771,-0.010640675
-0.077,-0.010638968
-0.0769,-0.010637297
-0.0768,-0.010635658
-0.0767,-0.010634053
-0.0766,-0.01063248
-0.0765,-0.010630938
-0.0764,-0.010629427
-0.0763,-0.010627946
-0.0762,-0.010626495
-0.0761,-0.010625073
-0.076,-0.010623679
-0.0759,-0.010622313
-0.0758,-0.010620974
-0.0757,-0.010619663
-0.0756,-0.010618378
-0.0755,-0.01061712
-0.0754,-0.010615888
-0.0753,-0.010614681
-0.0752,-0.0106135
-0.0751,-0.010612344
-0.075,-0.010611213
-0.0749,-0.010610107
-0.0748,-0.010609025
-0.0747,-0.010607969
-0.0746,-0.010606937
-0.0745,-0.010605929
-0.0744,-0.010604946
-0.0743,-0.010603988
-0.0742,-0.010603055
-0.0741,-0.010602147
-0.074,-0.010601263
-0.0739,-0.010600405
-0.0738,-0.010599572
-0.0737,-0.010598765
-0.0736,-0.010597984
-0.0735,-0.01059723
-0.0734,-0.010596502
-0.0733,-0.010595801
-0.0732,-0.010595128
-0.0731,-0.010594482
-0.073,-0.010593865
-0.0729,-0.010593278
-0.0728,-0.010592719
-0.0727,-0.010592191
-0.0726,-0.010591694
-0.0725,-0.010591228
-0.0724,-0.010590794
-0.0723,-0.010590393
-0.0722,-0.010590026
-0.0721,-0.010589694
-0.072,-0.010589396
-0.0719,-0.010589135
-0.0718,-0.010588911
-0.0717,-0.010588725
-0.0716,-0.010588578
-0.0715,-0.010588471
-0.0714,-0.010588405
-0.0713,-0.010588382
-0.0712,-0.010588401
-0.0711,-0.010588465
-0.071,-0.010588575
-0.0709,-0.010588731
-0.0708,-0.010588935
-0.0707,-0.010589189
-0.0706,-0.010589493
-0.0705,-0.01058985
-0.0704,-0.010590259
-0.0703,-0.010590724
-0.0702,-0.010591245
-0.0701,-0.010591823
-0.07,-0.010595269
-0.0699,-0.010593808
-0.0698,-0.010592496
-0.0697,-0.010591329
-0.0696,-0.010590304
-0.0695,-0.010589416
-0.0694,-0.010588662
-0.0693,-0.010588037
-0.0692,-0.010587538
-0.0691,-0.010587161
-0.069,-0.010586902
-0.0689,-0.010586758
-0.0688,-0.010586726
-0.0687,-0.010586801
-0.0686,-0.01058698
-0.0685,-0.010587261
-0.0684,-0.010587639
-0.0683,-0.010588111
-0.0682,-0.010588675
-0.0681,-0.010589327
-0.068,-0.010590064
-0.0679,-0.010590884
-0.0678,-0.010591782
-0.0677,-0.010592757
-0.0676,-0.010593806
-0.0675,-0.010594925
-0.0674,-0.010596112
-0.0673,-0.010597365
-0.0672,-0.010598681
-0.0671,-0.010600058
-0.067,-0.010601492
-0.0669,-0.010602983
-0.0668,-0.010604526
-0.0667,-0.010606121
-0.0666,-0.010607765
-0.0665,-0.010609456
-0.0664,-0.010611192
-0.0663,-0.01061297
-0.0662,-0.01061479
-0.0661,-0.010616648
-0.066,-0.010618544
-0.0659,-0.010620475
-0.0658,-0.01062244
-0.0657,-0.010624437
-0.0656,-0.010626465
-0.0655,-0.010628522
-0.0654,-0.010630607
-0.0653,-0.010632718
-0.0652,-0.010634854
-0.0651,-0.010637014
-0.065,-0.010639196
-0.0649,-0.0106414
-0.0648,-0.010643624
-0.0647,-0.010645868
-0.0646,-0.01064813
-0.0645,-0.01065041
-0.0644,-0.010652707
-0.0643,-0.01065502
-0.0642,-0.010657348
-0.0641,-0.010659691
-0.064,-0.010662048
-0.0639,-0.010664418
-0.0638,-0.010666802
-0.0637,-0.010669199
-0.0636,-0.010671608
-0.0635,-0.01067403
-0.0634,-0.010676464
-0.0633,-0.010678909
-0.0632,-0.010681367
-0.0631,-0.010683836
-0.063,-0.010686318
-0.0629,-0.010688811
-0.0628,-0.010691317
-0.0627,-0.010693835
-0.0626,-0.010696366
-0.0625,-0.01069891
-0.0624,-0.010701467
-0.0623,-0.010704039
-0.0622,-0.010706625
-0.0621,-0.010709227
-0.062,-0.010711845
-0.0619,-0.010714479
-0.0618,-0.010717131
-0.0617,-0.0107198
-0.0616,-0.01072249
-0.0615,-0.010725199
-0.0614,-0.01072793
-0.0613,-0.010730683
-0.0612,-0.01073346
-0.0611,-0.010736261
-0.061,-0.010739089
-0.0609,-0.010741944
-0.0608,-0.010744828
-0.0607,-0.010747742
-0.0606,-0.010750689
-0.0605,-0.010753668
-0.0604,-0.010756683
-0.0603,-0.010759735
-0.0602,-0.010762826
-0.0601,-0.010765957
-0.06,-0.010766434
-0.0599,-0.010770599
-0.0598,-0.010774667
-0.0597,-0.010778639
-0.0596,-0.010782518
-0.0595,-0.010786307
-0.0594,-0.010790006
-0.0593,-0.010793618
-0.0592,-0.010797145
-0.0591,-0.010800589
-0.059,-0.010803952
-0.0589,-0.010807236
-0.0588,-0.010810441
-0.0587,-0.010813572
-0.0586,-0.010816628
-0.0585,-0.010819612
-0.0584,-0.010822526
-0.0583,-0.010825371
-0.0582,-0.010828148
-0.0581,-0.01083086
-0.058,-0.010833508
-0.0579,-0.010836094
-0.0578,-0.010838619
-0.0577,-0.010841084
-0.0576,-0.010843491
-0.0575,-0.010845842
-0.0574,-0.010848137
-0.0573,-0.010850379
-0.0572,-0.010852568
-0.0571,-0.010854706
-0.057,-0.010856793
-0.0569,-0.010858832
-0.0568,-0.010860824
-0.0567,-0.010862769
-0.0566,-0.010864668
-0.0565,-0.010866523
-0.0564,-0.010868335
-0.0563,-0.010870105
-0.0562,-0.010871834
-0.0561,-0.010873522
-0.056,-0.010875171
-0.0559,-0.010876781
-0.0558,-0.010878354
-0.0557,-0.01087989
-0.0556,-0.01088139
-0.0555,-0.010882855
-0.0554,-0.010884286
-0.0553,-0.010885682
-0.0552,-0.010887046
-0.0551,-0.010888377
-0.055,-0.010889676
-0.0549,-0.010890943
-0.0548,-0.01089218
-0.0547,-0.010893386
-0.0546,-0.010894563
-0.0545,-0.01089571
-0.0544,-0.010896828
-0.0543,-0.010897917
-0.0542,-0.010898978
-0.0541,-0.01090001
-0.054,-0.010901015
-0.0539,-0.010901992
-0.0538,-0.010902942
-0.0537,-0.010903865
-0.0536,-0.010904761
-0.0535,-0.010905629
-0.0534,-0.010906471
-0.0533,-0.010907286
-0.0532,-0.010908074
-0.0531,-0.010908835
-0.053,-0.010909569
-0.0529,-0.010910276
-0.0528,-0.010910955
-0.0527,-0.010911608
-0.0526,-0.010912233
-0.0525,-0.01091283
-0.0524,-0.010913399
-0.0523,-0.010913939
-0.0522,-0.010914451
-0.0521,-0.010914934
-0.052,-0.010915388
-0.0519,-0.010915811
-0.0518,-0.010916205
-0.0517,-0.010916567
-0.0516,-0.010916899
-0.0515,-0.010917198
-0.0514,-0.010917465
-0.0513,-0.010917699
-0.0512,-0.010917899
-0.0511,-0.010918065
-0.051,-0.010918195
-0.0509,-0.01091829
-0.0508,-0.010918348
-0.0507,-0.010918369
-0.0506,-0.010918351
-0.0505,-0.010918294
-0.0504,-0.010918197
-0.0503,-0.010918058
-0.0502,-0.010917878
-0.0501,-0.010917655
-0.05,-0.010917957
-0.0499,-0.010918056
-0.0498,-0.010918266
-0.0497,-0.010918582
-0.0496,-0.010918998
-0.0495,-0.010919509
-0.0494,-0.010920111
-0.0493,-0.010920797
-0.0492,-0.010921563
-0.0491,-0.010922404
-0.049,-0.010923315
-0.0489,-0.010924292
-0.0488,-0.01092533
-0.0487,-0.010926424
-0.0486,-0.01092757
-0.0485,-0.010928764
-0.0484,-0.010930001
-0.0483,-0.010931277
-0.0482,-0.010932589
-0.0481,-0.010933933
-0.048,-0.010935304
-0.0479,-0.010936698
-0.0478,-0.010938113
-0.0477,-0.010939545
-0.0476,-0.01094099
-0.0475,-0.010942445
-0.0474,-0.010943907
-0.0473,-0.010945372
-0.0472,-0.010946838
-0.0471,-0.010948301
-0.047,-0.010949759
-0.0469,-0.010951209
-0.0468,-0.010952648
-0.0467,-0.010954074
-0.0466,-0.010955484
-0.0465,-0.010956876
-0.0464,-0.010958247
-0.0463,-0.010959596
-0.0462,-0.01096092
-0.0461,-0.010962218
-0.046,-0.010963487
-0.0459,-0.010964726
-0.0458,-0.010965933
-0.0457,-0.010967106
-0.0456,-0.010968244
-0.0455,-0.010969345
-0.0454,-0.010970409
-0.0453,-0.010971434
-0.0452,-0.010972418
-0.0451,-0.010973362
-0.045,-0.010974263
-0.0449,-0.010975121
-0.0448,-0.010975936
-0.0447,-0.010976707
-0.0446,-0.010977433
-0.0445,-0.010978113
-0.0444,-0.010978748
-0.0443,-0.010979338
-0.0442,-0.010979881
-0.0441,-0.010980378
-0.044,-0.01098083
-0.0439,-0.010981236
-0.0438,-0.010981596
-0.0437,-0.010981911
-0.0436,-0.010982182
-0.0435,-0.010982408
-0.0434,-0.01098259
-0.0433,-0.01098273
-0.0432,-0.010982828
-0.0431,-0.010982885
-0.043,-0.010982902
-0.0429,-0.010982879
-0.0428,-0.010982819
-0.0427,-0.010982723
-0.0426,-0.010982592
-0.0425,-0.010982427
-0.0424,-0.01098223
-0.0423,-0.010982003
-0.0422,-0.010981748
-0.0421,-0.010981466
-0.042,-0.010981159
-0.0419,-0.010980831
-0.0418,-0.010980481
-0.0417,-0.010980114
-0.0416,-0.010979732
-0.0415,-0.010979336
-0.0414,-0.01097893
-0.0413,-0.010978516
-0.0412,-0.010978097
-0.0411,-0.010977675
-0.041,-0.010977254
-0.0409,-0.010976837
-0.0408,-0.010976427
-0.0407,-0.010976027
-0.0406,-0.010975641
-0.0405,-0.010975272
-0.0404,-0.010974923
-0.0403,-0.010974598
-0.0402,-0.010974301
-0.0401,-0.010974036
-0.04,-0.010978599
-0.0399,-0.010976133
-0.0398,-0.010973754
-0.0397,-0.010971458
-0.0396,-0.010969242
-0.0395,-0.010967102
-0.0394,-0.010965033
-0.0393,-0.010963033
-0.0392,-0.010961097
-0.0391,-0.010959221
-0.039,-0.010957403
-0.0389,-0.010955639
-0.0388,-0.010953925
-0.0387,-0.010952257
-0.0386,-0.010950634
-0.0385,-0.010949051
-0.0384,-0.010947505
-0.0383,-0.010945993
-0.0382,-0.010944512
-0.0381,-0.010943059
-0.038,-0.010941632
-0.0379,-0.010940226
-0.0378,-0.01093884
-0.0377,-0.010937471
-0.0376,-0.010936116
-0.0375,-0.010934772
-0.0374,-0.010933437
-0.0373,-0.010932108
-0.0372,-0.010930783
-0.0371,-0.01092946
-0.037,-0.010928136
-0.0369,-0.010926809
-0.0368,-0.010925476
-0.0367,-0.010924136
-0.0366,-0.010922787
-0.0365,-0.010921426
-0.0364,-0.010920052
-0.0363,-0.010918663
-0.0362,-0.010917256
-0.0361,-0.01091583
-0.036,-0.010914384
-0.0359,-0.010912916
-0.0358,-0.010911424
-0.0357,-0.010909907
-0.0356,-0.010908363
-0.0355,-0.01090679
-0.0354,-0.010905189
-0.0353,-0.010903556
-0.0352,-0.010901892
-0.0351,-0.010900194
-0.035,-0.010898463
-0.0349,-0.010896696
-0.0348,-0.010894893
-0.0347,-0.010893053
-0.0346,-0.010891175
-0.0345,-0.010889258
-0.0344,-0.010887302
-0.0343,-0.010885306
-0.0342,-0.01088327
-0.0341,-0.010881192
-0.034,-0.010879073
-0.0339,-0.010876911
-0.0338,-0.010874708
-0.0337,-0.010872462
-0.0336,-0.010870173
-0.0335,-0.01086784
-0.0334,-0.010865465
-0.0333,-0.010863047
-0.0332,-0.010860586
-0.0331,-0.010858081
-0.033,-0.010855534
-0.0329,-0.010852944
-0.0328,-0.010850312
-0.0327,-0.010847638
-0.0326,-0.010844922
-0.0325,-0.010842165
-0.0324,-0.010839367
-0.0323,-0.010836529
-0.0322,-0.010833652
-0.0321,-0.010830736
-0.032,-0.010827783
-0.0319,-0.010824792
-0.0318,-0.010821764
-0.0317,-0.010818702
-0.0316,-0.010815605
-0.0315,-0.010812476
-0.0314,-0.010809314
-0.0313,-0.010806121
-0.0312,-0.010802899
-0.0311,-0.010799648
-0.031,-0.010796371
-0.0309,-0.010793068
-0.0308,-0.010789742
-0.0307,-0.010786393
-0.0306,-0.010783023
-0.0305,-0.010779634
-0.0304,-0.010776228
-0.0303,-0.010772807
-0.0302,-0.010769372
-0.0301,-0.010765925
-0.03,-0.010761157
-0.0299,-0.010759156
-0.0298,-0.01075711
-0.0297,-0.010755024
-0.0296,-0.0107529
-0.0295,-0.010750741
-0.0294,-0.010748551
-0.0293,-0.010746333
-0.0292,-0.010744088
-0.0291,-0.010741821
-0.029,-0.010739534
-0.0289,-0.010737229
-0.0288,-0.01073491
-0.0287,-0.010732579
-0.0286,-0.010730238
-0.0285,-0.01072789
-0.0284,-0.010725537
-0.0283,-0.010723182
-0.0282,-0.010720826
-0.0281,-0.010718472
-0.028,-0.010716121
-0.0279,-0.010713777
-0.0278,-0.01071144
-0.0277,-0.010709113
-0.0276,-0.010706798
-0.0275,-0.010704495
-0.0274,-0.010702207
-0.0273,-0.010699936
-0.0272,-0.010697683
-0.0271,-0.010695448
-0.027,-0.010693235
-0.0269,-0.010691043
-0.0268,-0.010688874
-0.0267,-0.01068673
-0.0266,-0.010684611
-0.0265,-0.010682518
-0.0264,-0.010680453
-0.0263,-0.010678416
-0.0262,-0.010676407
-0.0261,-0.010674429
-0.026,-0.010672481
-0.0259,-0.010670563
-0.0258,-0.010668677
-0.0257,-0.010666823
-0.0256,-0.010665002
-0.0255,-0.010663212
-0.0254,-0.010661456
-0.0253,-0.010659732
-0.0252,-0.010658042
-0.0251,-0.010656384
-0.025,-0.010654759
-0.0249,-0.010653167
-0.0248,-0.010651608
-0.0247,-0.010650081
-0.0246,-0.010648586
-0.0245,-0.010647123
-0.0244,-0.010645691
-0.0243,-0.01064429
-0.0242,-0.010642918
-0.0241,-0.010641576
-0.024,-0.010640262
-0.0239,-0.010638976
-0.0238,-0.010637716
-0.0237,-0.010636482
-0.0236,-0.010635273
-0.0235,-0.010634088
-0.0234,-0.010632925
-0.0233,-0.010631784
-0.0232,-0.010630662
-0.0231,-0.010629558
-0.023,-0.010628472
-0.0229,-0.0106274
-0.0228,-0.010626343
-0.0227,-0.010625298
-0.0226,-0.010624263
-0.0225,-0.010623237
-0.0224,-0.010622217
-0.0223,-0.010621202
-0.0222,-0.01062019
-0.0221,-0.010619178
-0.022,-0.010618164
-0.0219,-0.010617147
-0.0218,-0.010616123
-0.0217,-0.010615091
-0.0216,-0.010614048
-0.0215,-0.010612991
-0.0214,-0.010611918
-0.0213,-0.010610826
-0.0212,-0.010609712
-0.0211,-0.010608574
-0.021,-0.010607408
-0.0209,-0.010606212
-0.0208,-0.010604983
-0.0207,-0.010603717
-0.0206,-0.010602412
-0.0205,-0.010601064
-0.0204,-0.01059967
-0.0203,-0.010598226
-0.0202,-0.010596729
-0.0201,-0.010595176
-0.02,-0.010594104
-0.0199,-0.010592548
-0.0198,-0.01059109
-0.0197,-0.010589723
-0.0196,-0.010588441
-0.0195,-0.010587237
-0.0194,-0.010586106
-0.0193,-0.010585043
-0.0192,-0.01058404
-0.0191,-0.010583093
-0.019,-0.010582197
-0.0189,-0.010581345
-0.0188,-0.010580533
-0.0187,-0.010579755
-0.0186,-0.010579008
-0.0185,-0.010578286
-0.0184,-0.010577584
-0.0183,-0.010576898
-0.0182,-0.010576225
-0.0181,-0.010575559
-0.018,-0.010574896
-0.0179,-0.010574234
-0.0178,-0.010573568
-0.0177,-0.010572894
-0.0176,-0.010572209
-0.0175,-0.01057151
-0.0174,-0.010570793
-0.0173,-0.010570057
-0.0172,-0.010569296
-0.0171,-0.01056851
-0.017,-0.010567695
-0.0169,-0.01056685
-0.0168,-0.01056597
-0.0167,-0.010565056
-0.0166,-0.010564103
-0.0165,-0.010563112
-0.0164,-0.010562079
-0.0163,-0.010561003
-0.0162,-0.010559883
-0.0161,-0.010558718
-0.016,-0.010557506
-0.0159,-0.010556246
-0.0158,-0.010554937
-0.0157,-0.010553579
-0.0156,-0.010552172
-0.0155,-0.010550713
-0.0154,-0.010549204
-0.0153,-0.010547644
-0.0152,-0.010546034
-0.0151,-0.010544372
-0.015,-0.01054266
-0.0149,-0.010540897
-0.0148,-0.010539085
-0.0147,-0.010537224
-0.0146,-0.010535315
-0.0145,-0.010533358
-0.0144,-0.010531356
-0.0143,-0.010529308
-0.0142,-0.010527217
-0.0141,-0.010525085
-0.014,-0.010522912
-0.0139,-0.0105207
-0.0138,-0.010518452
-0.0137,-0.01051617
-0.0136,-0.010513855
-0.0135,-0.010511511
-0.0134,-0.010509139
-0.0133,-0.010506743
-0.0132,-0.010504325
-0.0131,-0.010501888
-0.013,-0.010499436
-0.0129,-0.010496971
-0.0128,-0.010494496
-0.0127,-0.010492017
-0.0126,-0.010489535
-0.0125,-0.010487055
-0.0124,-0.010484581
-0.0123,-0.010482117
-0.0122,-0.010479667
-0.0121,-0.010477236
-0.012,-0.010474827
-0.0119,-0.010472446
-0.0118,-0.010470098
-0.0117,-0.010467787
-0.0116,-0.010465519
-0.0115,-0.010463298
-0.0114,-0.01046113
-0.0113,-0.010459021
-0.0112,-0.010456976
-0.0111,-0.010455002
-0.011,-0.010453103
-0.0109,-0.010451286
-0.0108,-0.010449557
-0.0107,-0.010447923
-0.0106,-0.01044639
-0.0105,-0.010444965
-0.0104,-0.010443655
-0.0103,-0.010442466
-0.0102,-0.010441405
-0.0101,-0.01044048
-0.01,-0.010440742
-0.0099,-0.010438622
-0.0098,-0.010436525
-0.0097,-0.010434449
-0.0096,-0.010432395
-0.0095,-0.010430363
-0.0094,-0.010428351
-0.0093,-0.010426359
-0.0092,-0.010424388
-0.0091,-0.010422436
-0.009,-0.010420504
-0.0089,-0.010418591
-0.0088,-0.010416697
-0.0087,-0.010414821
-0.0086,-0.010412964
-0.0085,-0.010411124
-0.0084,-0.010409302
-0.0083,-0.010407498
-0.0082,-0.01040571
-0.0081,-0.01040394
-0.008,-0.010402186
-0.0079,-0.010400448
-0.0078,-0.010398725
-0.0077,-0.010397019
-0.0076,-0.010395328
-0.0075,-0.010393652
-0.0074,-0.010391991
-0.0073,-0.010390345
-0.0072,-0.010388713
-0.0071,-0.010387096
-0.007,-0.010385492
-0.0069,-0.010383902
-0.0068,-0.010382326
-0.0067,-0.010380763
-0.0066,-0.010379213
-0.0065,-0.010377676
-0.0064,-0.010376151
-0.0063,-0.010374639
-0.0062,-0.010373139
-0.0061,-0.010371652
-0.006,-0.010370176
-0.0059,-0.010368712
-0.0058,-0.01036726
-0.0057,-0.010365818
-0.0056,-0.010364389
-0.0055,-0.01036297
-0.0054,-0.010361562
-0.0053,-0.010360165
-0.0052,-0.010358778
-0.0051,-0.010357402
-0.005,-0.010356036
-0.0049,-0.01035468
-0.0048,-0.010353335
-0.0047,-0.010351999
-0.0046,-0.010350673
-0.0045,-0.010349357
-0.0044,-0.01034805
-0.0043,-0.010346753
-0.0042,-0.010345465
-0.0041,-0.010344187
-0.004,-0.010342918
-0.0039,-0.010341657
-0.0038,-0.010340406
-0.0037,-0.010339164
-0.0036,-0.01033793
-0.0035,-0.010336706
-0.0034,-0.01033549
-0.0033,-0.010334283
-0.0032,-0.010333084
-0.0031,-0.010331894
-0.003,-0.010330712
-0.0029,-0.010329539
-0.0028,-0.010328375
-0.0027,-0.010327219
-0.0026,-0.010326071
-0.0025,-0.010324931
-0.0024,-0.0103238
-0.0023,-0.010322678
-0.0022,-0.010321563
-0.0021,-0.010320457
-0.002,-0.010319359
-0.0019,-0.01031827
-0.0018,-0.010317189
-0.0017,-0.010316116
-0.0016,-0.010315052
-0.0015,-0.010313996
-0.0014,-0.010312948
-0.0013,-0.010311909
-0.0012,-0.010310878
-0.0011,-0.010309856
-0.001,-0.010308843
-0.0009,-0.010307838
-0.0008,-0.010306842
-0.0007,-0.010305855
-0.0006,-0.010304876
-0.0005,-0.010303907
-0.0004,-0.010302946
-0.0003,-0.010301994
-0.0002,-0.010301052
-0.0001,-0.010300119
-1.89E-14,-0.0103
1.00E-04,-0.010300366
0.0002,-0.010300731
0.0003,-0.010301093
0.0004,-0.010301451
0.0005,-0.010301805
0.0006,-0.010302154
0.0007,-0.010302496
0.0008,-0.010302831
0.0009,-0.010303157
0.001,-0.010303475
0.0011,-0.010303783
0.0012,-0.010304081
0.0013,-0.010304368
0.0014,-0.010304643
0.0015,-0.010304906
0.0016,-0.010305156
0.0017,-0.010305394
0.0018,-0.010305617
0.0019,-0.010305827
0.002,-0.010306022
0.0021,-0.010306203
0.0022,-0.010306368
0.0023,-0.010306519
0.0024,-0.010306654
0.0025,-0.010306774
0.0026,-0.010306879
0.0027,-0.010306968
0.0028,-0.010307041
0.0029,-0.010307099
0.003,-0.010307142
0.0031,-0.010307169
0.0032,-0.010307181
0.0033,-0.010307179
0.0034,-0.010307162
0.0035,-0.010307131
0.0036,-0.010307086
0.0037,-0.010307027
0.0038,-0.010306956
0.0039,-0.010306872
0.004,-0.010306776
0.0041,-0.010306669
0.0042,-0.010306551
0.0043,-0.010306422
0.0044,-0.010306285
0.0045,-0.010306139
0.0046,-0.010305985
0.0047,-0.010305824
0.0048,-0.010305657
0.0049,-0.010305484
0.005,-0.010305308
0.0051,-0.010305129
0.0052,-0.010304947
0.0053,-0.010304764
0.0054,-0.010304582
0.0055,-0.010304401
0.0056,-0.010304222
0.0057,-0.010304048
0.0058,-0.010303879
0.0059,-0.010303716
0.006,-0.010303561
0.0061,-0.010303416
0.0062,-0.010303282
0.0063,-0.01030316
0.0064,-0.010303053
0.0065,-0.010302961
0.0066,-0.010302887
0.0067,-0.010302832
0.0068,-0.010302798
0.0069,-0.010302787
0.007,-0.0103028
0.0071,-0.01030284
0.0072,-0.010302908
0.0073,-0.010303007
0.0074,-0.010303139
0.0075,-0.010303305
0.0076,-0.010303507
0.0077,-0.010303749
0.0078,-0.010304031
0.0079,-0.010304357
0.008,-0.010304729
0.0081,-0.010305149
0.0082,-0.010305619
0.0083,-0.010306142
0.0084,-0.01030672
0.0085,-0.010307356
0.0086,-0.010308052
0.0087,-0.010308812
0.0088,-0.010309637
0.0089,-0.01031053
0.009,-0.010311494
0.0091,-0.010312533
0.0092,-0.010313648
0.0093,-0.010314842
0.0094,-0.010316119
0.0095,-0.010317481
0.0096,-0.010318932
0.0097,-0.010320475
0.0098,-0.010322112
0.0099,-0.010323846
0.01,-0.010320599
0.0101,-0.010320821
0.0102,-0.010321202
0.0103,-0.010321732
0.0104,-0.010322406
0.0105,-0.010323215
0.0106,-0.010324152
0.0107,-0.010325211
0.0108,-0.010326385
0.0109,-0.010327667
0.011,-0.01032905
0.0111,-0.010330528
0.0112,-0.010332094
0.0113,-0.010333744
0.0114,-0.010335469
0.0115,-0.010337266
0.0116,-0.010339127
0.0117,-0.010341048
0.0118,-0.010343022
0.0119,-0.010345045
0.012,-0.010347112
0.0121,-0.010349217
0.0122,-0.010351355
0.0123,-0.010353522
0.0124,-0.010355712
0.0125,-0.010357923
0.0126,-0.010360149
0.0127,-0.010362385
0.0128,-0.010364629
0.0129,-0.010366876
0.013,-0.010369122
0.0131,-0.010371363
0.0132,-0.010373597
0.0133,-0.010375819
0.0134,-0.010378027
0.0135,-0.010380217
0.0136,-0.010382387
0.0137,-0.010384533
0.0138,-0.010386653
0.0139,-0.010388745
0.014,-0.010390806
0.0141,-0.010392833
0.0142,-0.010394825
0.0143,-0.01039678
0.0144,-0.010398696
0.0145,-0.01040057
0.0146,-0.010402402
0.0147,-0.010404191
0.0148,-0.010405934
0.0149,-0.010407631
0.015,-0.010409281
0.0151,-0.010410882
0.0152,-0.010412435
0.0153,-0.010413938
0.0154,-0.010415391
0.0155,-0.010416794
0.0156,-0.010418147
0.0157,-0.010419449
0.0158,-0.010420701
0.0159,-0.010421902
0.016,-0.010423054
0.0161,-0.010424157
0.0162,-0.010425211
0.0163,-0.010426218
0.0164,-0.010427178
0.0165,-0.010428092
0.0166,-0.010428961
0.0167,-0.010429788
0.0168,-0.010430573
0.0169,-0.010431318
0.017,-0.010432024
0.0171,-0.010432694
0.0172,-0.010433331
0.0173,-0.010433935
0.0174,-0.010434509
0.0175,-0.010435056
0.0176,-0.010435578
0.0177,-0.010436079
0.0178,-0.01043656
0.0179,-0.010437026
0.018,-0.010437478
0.0181,-0.010437921
0.0182,-0.010438358
0.0183,-0.010438793
0.0184,-0.010439229
0.0185,-0.01043967
0.0186,-0.01044012
0.0187,-0.010440583
0.0188,-0.010441064
0.0189,-0.010441566
0.019,-0.010442095
0.0191,-0.010442656
0.0192,-0.010443252
0.0193,-0.010443889
0.0194,-0.010444572
0.0195,-0.010445307
0.0196,-0.010446099
0.0197,-0.010446952
0.0198,-0.010447874
0.0199,-0.010448869
0.02,-0.010447247
0.0201,-0.010448466
0.0202,-0.010449566
0.0203,-0.010450552
0.0204,-0.010451429
0.0205,-0.010452202
0.0206,-0.010452877
0.0207,-0.010453459
0.0208,-0.010453953
0.0209,-0.010454363
0.021,-0.010454694
0.0211,-0.010454952
0.0212,-0.010455139
0.0213,-0.010455262
0.0214,-0.010455324
0.0215,-0.01045533
0.0216,-0.010455284
0.0217,-0.01045519
0.0218,-0.010455052
0.0219,-0.010454874
0.022,-0.010454659
0.0221,-0.010454413
0.0222,-0.010454137
0.0223,-0.010453836
0.0224,-0.010453514
0.0225,-0.010453173
0.0226,-0.010452818
0.0227,-0.01045245
0.0228,-0.010452073
0.0229,-0.010451691
0.023,-0.010451306
0.0231,-0.010450921
0.0232,-0.010450539
0.0233,-0.010450162
0.0234,-0.010449794
0.0235,-0.010449435
0.0236,-0.01044909
0.0237,-0.010448759
0.0238,-0.010448446
0.0239,-0.010448152
0.024,-0.010447879
0.0241,-0.01044763
0.0242,-0.010447405
0.0243,-0.010447208
0.0244,-0.010447039
0.0245,-0.010446899
0.0246,-0.010446792
0.0247,-0.010446717
0.0248,-0.010446676
0.0249,-0.01044667
0.025,-0.010446701
0.0251,-0.010446769
0.0252,-0.010446875
0.0253,-0.01044702
0.0254,-0.010447205
0.0255,-0.01044743
0.0256,-0.010447696
0.0257,-0.010448003
0.0258,-0.010448352
0.0259,-0.010448742
0.026,-0.010449175
0.0261,-0.01044965
0.0262,-0.010450167
0.0263,-0.010450726
0.0264,-0.010451327
0.0265,-0.010451969
0.0266,-0.010452652
0.0267,-0.010453376
0.0268,-0.01045414
0.0269,-0.010454944
0.027,-0.010455786
0.0271,-0.010456665
0.0272,-0.010457582
0.0273,-0.010458534
0.0274,-0.010459521
0.0275,-0.010460541
0.0276,-0.010461594
0.0277,-0.010462677
0.0278,-0.010463789
0.0279,-0.010464929
0.028,-0.010466095
0.0281,-0.010467285
0.0282,-0.010468498
0.0283,-0.010469731
0.0284,-0.010470982
0.0285,-0.010472249
0.0286,-0.01047353
0.0287,-0.010474823
0.0288,-0.010476125
0.0289,-0.010477434
0.029,-0.010478747
0.0291,-0.010480061
0.0292,-0.010481374
0.0293,-0.010482683
0.0294,-0.010483985
0.0295,-0.010485276
0.0296,-0.010486554
0.0297,-0.010487815
0.0298,-0.010489056
0.0299,-0.010490274
0.03,-0.01049479
0.0301,-0.010497368
0.0302,-0.010499971
0.0303,-0.010502597
0.0304,-0.010505243
0.0305,-0.010507906
0.0306,-0.010510586
0.0307,-0.010513278
0.0308,-0.010515981
0.0309,-0.010518693
0.031,-0.010521413
0.0311,-0.010524137
0.0312,-0.010526864
0.0313,-0.010529592
0.0314,-0.01053232
0.0315,-0.010535045
0.0316,-0.010537766
0.0317,-0.010540482
0.0318,-0.010543191
0.0319,-0.010545891
0.032,-0.010548581
0.0321,-0.01055126
0.0322,-0.010553927
0.0323,-0.01055658
0.0324,-0.010559218
0.0325,-0.01056184
0.0326,-0.010564446
0.0327,-0.010567034
0.0328,-0.010569603
0.0329,-0.010572152
0.033,-0.010574682
0.0331,-0.010577191
0.0332,-0.010579678
0.0333,-0.010582144
0.0334,-0.010584587
0.0335,-0.010587008
0.0336,-0.010589405
0.0337,-0.010591779
0.0338,-0.01059413
0.0339,-0.010596457
0.034,-0.01059876
0.0341,-0.010601039
0.0342,-0.010603295
0.0343,-0.010605527
0.0344,-0.010607736
0.0345,-0.010609922
0.0346,-0.010612085
0.0347,-0.010614226
0.0348,-0.010616345
0.0349,-0.010618443
0.035,-0.01062052
0.0351,-0.010622577
0.0352,-0.010624614
0.0353,-0.010626633
0.0354,-0.010628634
0.0355,-0.010630619
0.0356,-0.010632587
0.0357,-0.010634541
0.0358,-0.010636482
0.0359,-0.01063841
0.036,-0.010640326
0.0361,-0.010642233
0.0362,-0.010644132
0.0363,-0.010646024
0.0364,-0.01064791
0.0365,-0.010649792
0.0366,-0.010651672
0.0367,-0.010653551
0.0368,-0.010655432
0.0369,-0.010657316
0.037,-0.010659204
0.0371,-0.0106611
0.0372,-0.010663005
0.0373,-0.010664921
0.0374,-0.010666851
0.0375,-0.010668796
0.0376,-0.010670758
0.0377,-0.010672742
0.0378,-0.010674748
0.0379,-0.010676779
0.038,-0.010678838
0.0381,-0.010680927
0.0382,-0.01068305
0.0383,-0.010685208
0.0384,-0.010687405
0.0385,-0.010689644
0.0386,-0.010691928
0.0387,-0.010694259
0.0388,-0.010696641
0.0389,-0.010699077
0.039,-0.01070157
0.0391,-0.010704123
0.0392,-0.010706741
0.0393,-0.010709426
0.0394,-0.010712181
0.0395,-0.010715011
0.0396,-0.010717919
0.0397,-0.010720908
0.0398,-0.010723983
0.0399,-0.010727147
0.04,-0.010723974
0.0401,-0.010724975
0.0402,-0.010725999
0.0403,-0.010727042
0.0404,-0.010728103
0.0405,-0.010729179
0.0406,-0.010730268
0.0407,-0.010731369
0.0408,-0.010732479
0.0409,-0.010733596
0.041,-0.010734718
0.0411,-0.010735844
0.0412,-0.010736971
0.0413,-0.010738099
0.0414,-0.010739225
0.0415,-0.010740348
0.0416,-0.010741466
0.0417,-0.010742578
0.0418,-0.010743683
0.0419,-0.010744779
0.042,-0.010745865
0.0421,-0.01074694
0.0422,-0.010748002
0.0423,-0.010749052
0.0424,-0.010750087
0.0425,-0.010751107
0.0426,-0.01075211
0.0427,-0.010753097
0.0428,-0.010754067
0.0429,-0.010755018
0.043,-0.01075595
0.0431,-0.010756863
0.0432,-0.010757756
0.0433,-0.010758629
0.0434,-0.010759481
0.0435,-0.010760313
0.0436,-0.010761123
0.0437,-0.010761912
0.0438,-0.010762679
0.0439,-0.010763426
0.044,-0.010764151
0.0441,-0.010764855
0.0442,-0.010765537
0.0443,-0.010766199
0.0444,-0.010766841
0.0445,-0.010767462
0.0446,-0.010768064
0.0447,-0.010768646
0.0448,-0.01076921
0.0449,-0.010769755
0.045,-0.010770284
0.0451,-0.010770795
0.0452,-0.010771291
0.0453,-0.010771772
0.0454,-0.010772239
0.0455,-0.010772692
0.0456,-0.010773134
0.0457,-0.010773565
0.0458,-0.010773987
0.0459,-0.0107744
0.046,-0.010774806
0.0461,-0.010775206
0.0462,-0.010775602
0.0463,-0.010775996
0.0464,-0.010776388
0.0465,-0.010776781
0.0466,-0.010777176
0.0467,-0.010777576
0.0468,-0.010777981
0.0469,-0.010778393
0.047,-0.010778816
0.0471,-0.01077925
0.0472,-0.010779698
0.0473,-0.010780162
0.0474,-0.010780644
0.0475,-0.010781147
0.0476,-0.010781672
0.0477,-0.010782223
0.0478,-0.010782801
0.0479,-0.01078341
0.048,-0.010784051
0.0481,-0.010784728
0.0482,-0.010785444
0.0483,-0.0107862
0.0484,-0.010787
0.0485,-0.010787847
0.0486,-0.010788744
0.0487,-0.010789694
0.0488,-0.010790699
0.0489,-0.010791764
0.049,-0.010792892
0.0491,-0.010794084
0.0492,-0.010795346
0.0493,-0.010796681
0.0494,-0.010798092
0.0495,-0.010799582
0.0496,-0.010801155
0.0497,-0.010802815
0.0498,-0.010804566
0.0499,-0.010806412
0.05,-0.010807934
0.0501,-0.010810502
0.0502,-0.010812998
0.0503,-0.010815424
0.0504,-0.010817781
0.0505,-0.01082007
0.0506,-0.010822294
0.0507,-0.010824454
0.0508,-0.010826551
0.0509,-0.010828586
0.051,-0.010830561
0.0511,-0.010832478
0.0512,-0.010834338
0.0513,-0.010836141
0.0514,-0.01083789
0.0515,-0.010839585
0.0516,-0.010841228
0.0517,-0.010842819
0.0518,-0.010844361
0.0519,-0.010845854
0.052,-0.010847299
0.0521,-0.010848696
0.0522,-0.010850048
0.0523,-0.010851355
0.0524,-0.010852618
0.0525,-0.010853838
0.0526,-0.010855016
0.0527,-0.010856152
0.0528,-0.010857248
0.0529,-0.010858303
0.053,-0.01085932
0.0531,-0.010860297
0.0532,-0.010861237
0.0533,-0.01086214
0.0534,-0.010863006
0.0535,-0.010863836
0.0536,-0.01086463
0.0537,-0.01086539
0.0538,-0.010866114
0.0539,-0.010866805
0.054,-0.010867461
0.0541,-0.010868084
0.0542,-0.010868674
0.0543,-0.010869231
0.0544,-0.010869755
0.0545,-0.010870247
0.0546,-0.010870706
0.0547,-0.010871133
0.0548,-0.010871528
0.0549,-0.010871892
0.055,-0.010872223
0.0551,-0.010872523
0.0552,-0.01087279
0.0553,-0.010873026
0.0554,-0.01087323
0.0555,-0.010873401
0.0556,-0.01087354
0.0557,-0.010873647
0.0558,-0.01087372
0.0559,-0.010873761
0.056,-0.010873769
0.0561,-0.010873743
0.0562,-0.010873682
0.0563,-0.010873588
0.0564,-0.010873459
0.0565,-0.010873294
0.0566,-0.010873094
0.0567,-0.010872857
0.0568,-0.010872583
0.0569,-0.010872272
0.057,-0.010871923
0.0571,-0.010871536
0.0572,-0.010871108
0.0573,-0.010870641
0.0574,-0.010870133
0.0575,-0.010869583
0.0576,-0.01086899
0.0577,-0.010868354
0.0578,-0.010867674
0.0579,-0.010866948
0.058,-0.010866176
0.0581,-0.010865357
0.0582,-0.01086449
0.0583,-0.010863574
0.0584,-0.010862607
0.0585,-0.010861588
0.0586,-0.010860517
0.0587,-0.010859391
0.0588,-0.010858211
0.0589,-0.010856974
0.059,-0.01085568
0.0591,-0.010854326
0.0592,-0.010852912
0.0593,-0.010851436
0.0594,-0.010849897
0.0595,-0.010848293
0.0596,-0.010846623
0.0597,-0.010844885
0.0598,-0.010843077
0.0599,-0.010841199
0.06,-0.010841316
0.0601,-0.01084018
0.0602,-0.010839098
0.0603,-0.010838068
0.0604,-0.010837087
0.0605,-0.010836153
0.0606,-0.010835264
0.0607,-0.010834418
0.0608,-0.010833613
0.0609,-0.010832847
0.061,-0.010832118
0.0611,-0.010831424
0.0612,-0.010830763
0.0613,-0.010830134
0.0614,-0.010829535
0.0615,-0.010828965
0.0616,-0.010828422
0.0617,-0.010827904
0.0618,-0.01082741
0.0619,-0.010826939
0.062,-0.010826489
0.0621,-0.01082606
0.0622,-0.01082565
0.0623,-0.010825258
0.0624,-0.010824883
0.0625,-0.010824524
0.0626,-0.01082418
0.0627,-0.01082385
0.0628,-0.010823534
0.0629,-0.010823231
0.063,-0.01082294
0.0631,-0.01082266
0.0632,-0.010822392
0.0633,-0.010822134
0.0634,-0.010821886
0.0635,-0.010821648
0.0636,-0.01082142
0.0637,-0.010821201
0.0638,-0.010820991
0.0639,-0.01082079
0.064,-0.010820598
0.0641,-0.010820416
0.0642,-0.010820242
0.0643,-0.010820078
0.0644,-0.010819924
0.0645,-0.010819779
0.0646,-0.010819645
0.0647,-0.010819521
0.0648,-0.010819408
0.0649,-0.010819307
0.065,-0.010819218
0.0651,-0.010819141
0.0652,-0.010819079
0.0653,-0.01081903
0.0654,-0.010818997
0.0655,-0.01081898
0.0656,-0.01081898
0.0657,-0.010818998
0.0658,-0.010819035
0.0659,-0.010819092
0.066,-0.010819171
0.0661,-0.010819273
0.0662,-0.010819399
0.0663,-0.01081955
0.0664,-0.010819729
0.0665,-0.010819936
0.0666,-0.010820173
0.0667,-0.010820441
0.0668,-0.010820744
0.0669,-0.010821081
0.067,-0.010821456
0.0671,-0.010821869
0.0672,-0.010822324
0.0673,-0.010822821
0.0674,-0.010823363
0.0675,-0.010823953
0.0676,-0.010824592
0.0677,-0.010825283
0.0678,-0.010826027
0.0679,-0.010826828
0.068,-0.010827688
0.0681,-0.01082861
0.0682,-0.010829595
0.0683,-0.010830647
0.0684,-0.010831768
0.0685,-0.010832961
0.0686,-0.010834229
0.0687,-0.010835575
0.0688,-0.010837002
0.0689,-0.010838512
0.069,-0.01084011
0.0691,-0.010841797
0.0692,-0.010843577
0.0693,-0.010845454
0.0694,-0.010847431
0.0695,-0.010849511
0.0696,-0.010851697
0.0697,-0.010853994
0.0698,-0.010856404
0.0699,-0.010858932
0.07,-0.010857624
0.0701,-0.010858058
0.0702,-0.010858527
0.0703,-0.01085903
0.0704,-0.010859563
0.0705,-0.010860126
0.0706,-0.010860716
0.0707,-0.010861331
0.0708,-0.010861969
0.0709,-0.010862629
0.071,-0.010863309
0.0711,-0.010864007
0.0712,-0.010864721
0.0713,-0.010865451
0.0714,-0.010866193
0.0715,-0.010866947
0.0716,-0.010867711
0.0717,-0.010868484
0.0718,-0.010869264
0.0719,-0.010870051
0.072,-0.010870841
0.0721,-0.010871635
0.0722,-0.010872431
0.0723,-0.010873228
0.0724,-0.010874024
0.0725,-0.010874819
0.0726,-0.010875611
0.0727,-0.010876399
0.0728,-0.010877183
0.0729,-0.010877962
0.073,-0.010878734
0.0731,-0.010879498
0.0732,-0.010880255
0.0733,-0.010881003
0.0734,-0.01088174
0.0735,-0.010882468
0.0736,-0.010883185
0.0737,-0.01088389
0.0738,-0.010884582
0.0739,-0.010885262
0.074,-0.010885929
0.0741,-0.010886583
0.0742,-0.010887222
0.0743,-0.010887847
0.0744,-0.010888457
0.0745,-0.010889053
0.0746,-0.010889633
0.0747,-0.010890198
0.0748,-0.010890748
0.0749,-0.010891282
0.075,-0.0108918
0.0751,-0.010892303
0.0752,-0.01089279
0.0753,-0.010893262
0.0754,-0.010893719
0.0755,-0.01089416
0.0756,-0.010894587
0.0757,-0.010894998
0.0758,-0.010895396
0.0759,-0.010895779
0.076,-0.010896148
0.0761,-0.010896504
0.0762,-0.010896848
0.0763,-0.010897179
0.0764,-0.010897498
0.0765,-0.010897807
0.0766,-0.010898104
0.0767,-0.010898392
0.0768,-0.010898671
0.0769,-0.010898942
0.077,-0.010899205
0.0771,-0.010899461
0.0772,-0.010899712
0.0773,-0.010899958
0.0774,-0.0109002
0.0775,-0.010900439
0.0776,-0.010900676
0.0777,-0.010900913
0.0778,-0.01090115
0.0779,-0.010901389
0.078,-0.010901631
0.0781,-0.010901878
0.0782,-0.01090213
0.0783,-0.010902388
0.0784,-0.010902656
0.0785,-0.010902933
0.0786,-0.010903221
0.0787,-0.010903522
0.0788,-0.010903838
0.0789,-0.010904169
0.079,-0.010904519
0.0791,-0.010904888
0.0792,-0.010905278
0.0793,-0.010905691
0.0794,-0.010906129
0.0795,-0.010906594
0.0796,-0.010907087
0.0797,-0.010907611
0.0798,-0.010908168
0.0799,-0.01090876
0.08,-0.01090271
0.0801,-0.010904693
0.0802,-0.010906502
0.0803,-0.010908142
0.0804,-0.010909621
0.0805,-0.010910945
0.0806,-0.010912121
0.0807,-0.010913155
0.0808,-0.010914054
0.0809,-0.010914823
0.081,-0.010915468
0.0811,-0.010915995
0.0812,-0.01091641
0.0813,-0.010916717
0.0814,-0.010916923
0.0815,-0.010917032
0.0816,-0.010917049
0.0817,-0.01091698
0.0818,-0.010916828
0.0819,-0.010916599
0.082,-0.010916296
0.0821,-0.010915924
0.0822,-0.010915487
0.0823,-0.010914988
0.0824,-0.010914433
0.0825,-0.010913823
0.0826,-0.010913163
0.0827,-0.010912456
0.0828,-0.010911704
0.0829,-0.010910912
0.083,-0.010910082
0.0831,-0.010909216
0.0832,-0.010908317
0.0833,-0.010907387
0.0834,-0.01090643
0.0835,-0.010905446
0.0836,-0.010904437
0.0837,-0.010903406
0.0838,-0.010902354
0.0839,-0.010901283
0.084,-0.010900193
0.0841,-0.010899086
0.0842,-0.010897963
0.0843,-0.010896825
0.0844,-0.010895673
0.0845,-0.010894507
0.0846,-0.010893327
0.0847,-0.010892134
0.0848,-0.010890928
0.0849,-0.010889708
0.085,-0.010888476
0.0851,-0.010887229
0.0852,-0.010885968
0.0853,-0.010884692
0.0854,-0.0108834
0.0855,-0.010882092
0.0856,-0.010880766
0.0857,-0.01087942
0.0858,-0.010878055
0.0859,-0.010876667
0.086,-0.010875255
0.0861,-0.010873817
0.0862,-0.010872352
0.0863,-0.010870856
0.0864,-0.010869328
0.0865,-0.010867766
0.0866,-0.010866166
0.0867,-0.010864526
0.0868,-0.010862843
0.0869,-0.010861113
0.087,-0.010859334
0.0871,-0.010857502
0.0872,-0.010855614
0.0873,-0.010853665
0.0874,-0.010851653
0.0875,-0.010849572
0.0876,-0.010847419
0.0877,-0.01084519
0.0878,-0.01084288
0.0879,-0.010840484
0.088,-0.010837997
0.0881,-0.010835416
0.0882,-0.010832734
0.0883,-0.010829946
0.0884,-0.010827048
0.0885,-0.010824033
0.0886,-0.010820896
0.0887,-0.010817631
0.0888,-0.010814231
0.0889,-0.010810692
0.089,-0.010807006
0.0891,-0.010803168
0.0892,-0.010799169
0.0893,-0.010795005
0.0894,-0.010790668
0.0895,-0.01078615
0.0896,-0.010781445
0.0897,-0.010776545
0.0898,-0.010771443
0.0899,-0.010766131
0.09,-0.010764496
0.0901,-0.010759617
0.0902,-0.010754705
0.0903,-0.010749758
0.0904,-0.010744775
0.0905,-0.010739756
0.0906,-0.0107347
0.0907,-0.010729605
0.0908,-0.010724472
0.0909,-0.010719299
0.091,-0.010714086
0.0911,-0.010708833
0.0912,-0.010703539
0.0913,-0.010698204
0.0914,-0.010692828
0.0915,-0.01068741
0.0916,-0.01068195
0.0917,-0.010676449
0.0918,-0.010670907
0.0919,-0.010665323
0.092,-0.010659699
0.0921,-0.010654033
0.0922,-0.010648328
0.0923,-0.010642582
0.0924,-0.010636797
0.0925,-0.010630974
0.0926,-0.010625113
0.0927,-0.010619215
0.0928,-0.01061328
0.0929,-0.01060731
0.093,-0.010601306
0.0931,-0.010595269
0.0932,-0.0105892
0.0933,-0.0105831
0.0934,-0.010576971
0.0935,-0.010570813
0.0936,-0.01056463
0.0937,-0.010558421
0.0938,-0.010552189
0.0939,-0.010545936
0.094,-0.010539663
0.0941,-0.010533372
0.0942,-0.010527065
0.0943,-0.010520744
0.0944,-0.010514412
0.0945,-0.01050807
0.0946,-0.010501721
0.0947,-0.010495367
0.0948,-0.010489011
0.0949,-0.010482654
0.095,-0.010476301
0.0951,-0.010469952
0.0952,-0.010463612
0.0953,-0.010457282
0.0954,-0.010450967
0.0955,-0.010444668
0.0956,-0.010438388
0.0957,-0.010432132
0.0958,-0.010425902
0.0959,-0.010419701
0.096,-0.010413533
0.0961,-0.010407401
0.0962,-0.010401309
0.0963,-0.010395261
0.0964,-0.010389259
0.0965,-0.010383308
0.0966,-0.010377412
0.0967,-0.010371574
0.0968,-0.010365799
0.0969,-0.01036009
0.097,-0.010354452
0.0971,-0.010348889
0.0972,-0.010343406
0.0973,-0.010338005
0.0974,-0.010332693
0.0975,-0.010327474
0.0976,-0.010322352
0.0977,-0.010317331
0.0978,-0.010312418
0.0979,-0.010307616
0.098,-0.01030293
0.0981,-0.010298366
0.0982,-0.010293928
0.0983,-0.010289623
0.0984,-0.010285454
0.0985,-0.010281427
0.0986,-0.010277548
0.0987,-0.010273822
0.0988,-0.010270254
0.0989,-0.010266851
0.099,-0.010263618
0.0991,-0.010260561
0.0992,-0.010257686
0.0993,-0.010254998
0.0994,-0.010252503
0.0995,-0.010250208
0.0996,-0.010248119
0.0997,-0.010246243
0.0998,-0.010244584
0.0999,-0.010243151
0.1,-0.010244684
0.1001,-0.010242383
0.1002,-0.010240188
0.1003,-0.010238102
0.1004,-0.010236125
0.1005,-0.010234259
0.1006,-0.010232507
0.1007,-0.010230869
0.1008,-0.010229348
0.1009,-0.010227944
0.101,-0.010226659
0.1011,-0.010225494
0.1012,-0.010224451
0.1013,-0.010223531
0.1014,-0.010222736
0.1015,-0.010222066
0.1016,-0.010221522
0.1017,-0.010221106
0.1018,-0.010220819
0.1019,-0.010220662
0.102,-0.010220636
0.1021,-0.010220741
0.1022,-0.010220979
0.1023,-0.01022135
0.1024,-0.010221855
0.1025,-0.010222496
0.1026,-0.010223272
0.1027,-0.010224184
0.1028,-0.010225233
0.1029,-0.010226419
0.103,-0.010227743
0.1031,-0.010229206
0.1032,-0.010230808
0.1033,-0.010232548
0.1034,-0.010234429
0.1035,-0.010236449
0.1036,-0.010238609
0.1037,-0.010240909
0.1038,-0.010243349
0.1039,-0.01024593
0.104,-0.010248652
0.1041,-0.010251514
0.1042,-0.010254517
0.1043,-0.01025766
0.1044,-0.010260943
0.1045,-0.010264366
0.1046,-0.010267929
0.1047,-0.010271632
0.1048,-0.010275474
0.1049,-0.010279455
0.105,-0.010283574
0.1051,-0.010287832
0.1052,-0.010292227
0.1053,-0.010296759
0.1054,-0.010301428
0.1055,-0.010306232
0.1056,-0.010311172
0.1057,-0.010316246
0.1058,-0.010321453
0.1059,-0.010326794
0.106,-0.010332266
0.1061,-0.01033787
0.1062,-0.010343603
0.1063,-0.010349466
0.1064,-0.010355457
0.1065,-0.010361574
0.1066,-0.010367818
0.1067,-0.010374186
0.1068,-0.010380677
0.1069,-0.010387291
0.107,-0.010394026
0.1071,-0.01040088
0.1072,-0.010407852
0.1073,-0.01041494
0.1074,-0.010422144
0.1075,-0.010429461
0.1076,-0.010436891
0.1077,-0.01044443
0.1078,-0.010452078
0.1079,-0.010459833
0.108,-0.010467693
0.1081,-0.010475657
0.1082,-0.010483722
0.1083,-0.010491886
0.1084,-0.010500148
0.1085,-0.010508505
0.1086,-0.010516956
0.1087,-0.010525499
0.1088,-0.01053413
0.1089,-0.010542849
0.109,-0.010551653
0.1091,-0.010560539
0.1092,-0.010569505
0.1093,-0.010578549
0.1094,-0.010587669
0.1095,-0.010596861
0.1096,-0.010606124
0.1097,-0.010615455
0.1098,-0.010624851
0.1099,-0.01063431
0.11,-0.010637804
0.1101,-0.010649037
0.1102,-0.010659948
0.1103,-0.01067054
0.1104,-0.01068082
0.1105,-0.010690793
0.1106,-0.010700463
0.1107,-0.010709836
0.1108,-0.010718916
0.1109,-0.010727707
0.111,-0.010736214
0.1111,-0.010744441
0.1112,-0.010752393
0.1113,-0.010760072
0.1114,-0.010767484
0.1115,-0.010774631
0.1116,-0.010781517
0.1117,-0.010788145
0.1118,-0.010794519
0.1119,-0.010800642
0.112,-0.010806516
0.1121,-0.010812144
0.1122,-0.010817529
0.1123,-0.010822674
0.1124,-0.01082758
0.1125,-0.010832249
0.1126,-0.010836685
0.1127,-0.010840888
0.1128,-0.010844861
0.1129,-0.010848604
0.113,-0.01085212
0.1131,-0.01085541
0.1132,-0.010858474
0.1133,-0.010861314
0.1134,-0.010863931
0.1135,-0.010866325
0.1136,-0.010868497
0.1137,-0.010870448
0.1138,-0.010872176
0.1139,-0.010873684
0.114,-0.010874969
0.1141,-0.010876034
0.1142,-0.010876876
0.1143,-0.010877496
0.1144,-0.010877893
0.1145,-0.010878066
0.1146,-0.010878014
0.1147,-0.010877736
0.1148,-0.010877231
0.1149,-0.010876498
0.115,-0.010875535
0.1151,-0.01087434
0.1152,-0.010872912
0.1153,-0.010871249
0.1154,-0.010869348
0.1155,-0.010867207
0.1156,-0.010864824
0.1157,-0.010862197
0.1158,-0.010859322
0.1159,-0.010856197
0.116,-0.010852819
0.1161,-0.010849185
0.1162,-0.010845291
0.1163,-0.010841134
0.1164,-0.01083671
0.1165,-0.010832017
0.1166,-0.010827049
0.1167,-0.010821803
0.1168,-0.010816274
0.1169,-0.010810459
0.117,-0.010804353
0.1171,-0.010797952
0.1172,-0.01079125
0.1173,-0.010784242
0.1174,-0.010776925
0.1175,-0.010769291
0.1176,-0.010761337
0.1177,-0.010753057
0.1178,-0.010744444
0.1179,-0.010735494
0.118,-0.010726201
0.1181,-0.010716557
0.1182,-0.010706557
0.1183,-0.010696196
0.1184,-0.010685465
0.1185,-0.010674359
0.1186,-0.01066287
0.1187,-0.010650993
0.1188,-0.010638719
0.1189,-0.010626041
0.119,-0.010612953
0.1191,-0.010599446
0.1192,-0.010585512
0.1193,-0.010571145
0.1194,-0.010556336
0.1195,-0.010541076
0.1196,-0.010525359
0.1197,-0.010509174
0.1198,-0.010492514
0.1199,-0.01047537
0.12,-0.010458006
0.1201,-0.010441197
0.1202,-0.010423965
0.1203,-0.010406325
0.1204,-0.010388289
0.1205,-0.01036987
0.1206,-0.010351081
0.1207,-0.010331933
0.1208,-0.010312439
0.1209,-0.010292611
0.121,-0.010272461
0.1211,-0.010251999
0.1212,-0.010231238
0.1213,-0.010210189
0.1214,-0.010188863
0.1215,-0.010167271
0.1216,-0.010145423
0.1217,-0.010123331
0.1218,-0.010101004
0.1219,-0.010078452
0.122,-0.010055686
0.1221,-0.010032716
0.1222,-0.010009551
0.1223,-0.009986201
0.1224,-0.009962674
0.1225,-0.009938981
0.1226,-0.00991513
0.1227,-0.009891129
0.1228,-0.009866989
0.1229,-0.009842716
0.123,-0.009818319
0.1231,-0.009793806
0.1232,-0.009769186
0.1233,-0.009744466
0.1234,-0.009719653
0.1235,-0.009694754
0.1236,-0.009669778
0.1237,-0.009644731
0.1238,-0.00961962
0.1239,-0.009594452
0.124,-0.009569232
0.1241,-0.009543968
0.1242,-0.009518665
0.1243,-0.00949333
0.1244,-0.009467969
0.1245,-0.009442586
0.1246,-0.009417187
0.1247,-0.009391779
0.1248,-0.009366365
0.1249,-0.00934095
0.125,-0.00931554
0.1251,-0.009290139
0.1252,-0.009264751
0.1253,-0.009239381
0.1254,-0.009214033
0.1255,-0.009188709
0.1256,-0.009163415
0.1257,-0.009138154
0.1258,-0.009112928
0.1259,-0.009087742
0.126,-0.009062598
0.1261,-0.009037498
0.1262,-0.009012446
0.1263,-0.008987444
0.1264,-0.008962495
0.1265,-0.008937599
0.1266,-0.00891276
0.1267,-0.008887979
0.1268,-0.008863257
0.1269,-0.008838597
0.127,-0.008813998
0.1271,-0.008789463
0.1272,-0.008764992
0.1273,-0.008740586
0.1274,-0.008716244
0.1275,-0.008691969
0.1276,-0.008667759
0.1277,-0.008643616
0.1278,-0.008619537
0.1279,-0.008595524
0.128,-0.008571576
0.1281,-0.008547691
0.1282,-0.00852387
0.1283,-0.008500111
0.1284,-0.008476412
0.1285,-0.008452773
0.1286,-0.008429191
0.1287,-0.008405666
0.1288,-0.008382194
0.1289,-0.008358774
0.129,-0.008335404
0.1291,-0.008312081
0.1292,-0.008288803
0.1293,-0.008265566
0.1294,-0.008242367
0.1295,-0.008219204
0.1296,-0.008196073
0.1297,-0.008172971
0.1298,-0.008149894
0.1299,-0.008126837
0.13,-0.008108374
0.1301,-0.008083884
0.1302,-0.00805958
0.1303,-0.008035455
0.1304,-0.008011505
0.1305,-0.007987724
0.1306,-0.007964107
0.1307,-0.007940649
0.1308,-0.007917345
0.1309,-0.00789419
0.131,-0.007871179
0.1311,-0.007848307
0.1312,-0.007825569
0.1313,-0.007802961
0.1314,-0.007780478
0.1315,-0.007758115
0.1316,-0.007735867
0.1317,-0.007713731
0.1318,-0.007691702
0.1319,-0.007669775
0.132,-0.007647946
0.1321,-0.007626212
0.1322,-0.007604566
0.1323,-0.007583007
0.1324,-0.007561529
0.1325,-0.007540129
0.1326,-0.007518802
0.1327,-0.007497546
0.1328,-0.007476355
0.1329,-0.007455226
0.133,-0.007434157
0.1331,-0.007413142
0.1332,-0.007392179
0.1333,-0.007371263
0.1334,-0.007350393
0.1335,-0.007329563
0.1336,-0.007308772
0.1337,-0.007288015
0.1338,-0.00726729
0.1339,-0.007246594
0.134,-0.007225923
0.1341,-0.007205274
0.1342,-0.007184645
0.1343,-0.007164033
0.1344,-0.007143435
0.1345,-0.007122847
0.1346,-0.007102269
0.1347,-0.007081697
0.1348,-0.007061127
0.1349,-0.007040559
0.135,-0.00701999
0.1351,-0.006999417
0.1352,-0.006978838
0.1353,-0.00695825
0.1354,-0.006937653
0.1355,-0.006917042
0.1356,-0.006896418
0.1357,-0.006875777
0.1358,-0.006855117
0.1359,-0.006834437
0.136,-0.006813736
0.1361,-0.006793011
0.1362,-0.00677226
0.1363,-0.006751483
0.1364,-0.006730677
0.1365,-0.006709842
0.1366,-0.006688975
0.1367,-0.006668076
0.1368,-0.006647143
0.1369,-0.006626175
0.137,-0.00660517
0.1371,-0.006584129
0.1372,-0.006563049
0.1373,-0.006541931
0.1374,-0.006520772
0.1375,-0.006499572
0.1376,-0.006478331
0.1377,-0.006457047
0.1378,-0.00643572
0.1379,-0.00641435
0.138,-0.006392936
0.1381,-0.006371477
0.1382,-0.006349974
0.1383,-0.006328425
0.1384,-0.006306831
0.1385,-0.006285191
0.1386,-0.006263506
0.1387,-0.006241775
0.1388,-0.006219998
0.1389,-0.006198175
0.139,-0.006176307
0.1391,-0.006154393
0.1392,-0.006132434
0.1393,-0.006110431
0.1394,-0.006088382
0.1395,-0.00606629
0.1396,-0.006044155
0.1397,-0.006021976
0.1398,-0.005999755
0.1399,-0.005977493
0.14,-0.00595803
0.1401,-0.005937237
0.1402,-0.005916197
0.1403,-0.005894917
0.1404,-0.005873403
0.1405,-0.005851661
0.1406,-0.005829696
0.1407,-0.005807515
0.1408,-0.005785123
0.1409,-0.005762525
0.141,-0.005739728
0.1411,-0.005716736
0.1412,-0.005693554
0.1413,-0.005670188
0.1414,-0.005646642
0.1415,-0.005622921
0.1416,-0.005599029
0.1417,-0.005574971
0.1418,-0.005550752
0.1419,-0.005526375
0.142,-0.005501844
0.1421,-0.005477164
0.1422,-0.005452338
0.1423,-0.00542737
0.1424,-0.005402263
0.1425,-0.005377021
0.1426,-0.005351646
0.1427,-0.005326143
0.1428,-0.005300514
0.1429,-0.005274762
0.143,-0.005248889
0.1431,-0.005222899
0.1432,-0.005196793
0.1433,-0.005170575
0.1434,-0.005144245
0.1435,-0.005117807
0.1436,-0.005091261
0.1437,-0.005064611
0.1438,-0.005037857
0.1439,-0.005011001
0.144,-0.004984045
0.1441,-0.004956989
0.1442,-0.004929836
0.1443,-0.004902585
0.1444,-0.004875237
0.1445,-0.004847795
0.1446,-0.004820257
0.1447,-0.004792624
0.1448,-0.004764898
0.1449,-0.004737077
0.145,-0.004709162
0.1451,-0.004681153
0.1452,-0.00465305
0.1453,-0.004624852
0.1454,-0.00459656
0.1455,-0.004568171
0.1456,-0.004539686
0.1457,-0.004511104
0.1458,-0.004482423
0.1459,-0.004453643
0.146,-0.004424762
0.1461,-0.004395779
0.1462,-0.004366693
0.1463,-0.004337501
0.1464,-0.004308201
0.1465,-0.004278793
0.1466,-0.004249274
0.1467,-0.004219641
0.1468,-0.004189892
0.1469,-0.004160025
0.147,-0.004130038
0.1471,-0.004099927
0.1472,-0.004069689
0.1473,-0.004039322
0.1474,-0.004008823
0.1475,-0.003978188
0.1476,-0.003947413
0.1477,-0.003916496
0.1478,-0.003885433
0.1479,-0.003854219
0.148,-0.003822851
0.1481,-0.003791325
0.1482,-0.003759636
0.1483,-0.003727781
0.1484,-0.003695755
0.1485,-0.003663553
0.1486,-0.00363117
0.1487,-0.003598602
0.1488,-0.003565843
0.1489,-0.003532889
0.149,-0.003499734
0.1491,-0.003466374
0.1492,-0.003432801
0.1493,-0.003399011
0.1494,-0.003364998
0.1495,-0.003330756
0.1496,-0.003296278
0.1497,-0.00326156
0.1498,-0.003226593
0.1499,-0.003191373
0.15,-0.003163025
0.1501,-0.003126872
0.1502,-0.003090735
0.1503,-0.00305462
0.1504,-0.003018532
0.1505,-0.002982477
0.1506,-0.002946459
0.1507,-0.002910486
0.1508,-0.002874562
0.1509,-0.002838692
0.151,-0.002802882
0.1511,-0.002767137
0.1512,-0.002731463
0.1513,-0.002695864
0.1514,-0.002660346
0.1515,-0.002624914
0.1516,-0.002589572
0.1517,-0.002554327
0.1518,-0.002519182
0.1519,-0.002484143
0.152,-0.002449215
0.1521,-0.002414402
0.1522,-0.002379709
0.1523,-0.002345141
0.1524,-0.002310702
0.1525,-0.002276398
0.1526,-0.002242232
0.1527,-0.002208209
0.1528,-0.002174335
0.1529,-0.002140612
0.153,-0.002107046
0.1531,-0.00207364
0.1532,-0.0020404
0.1533,-0.002007329
0.1534,-0.001974432
0.1535,-0.001941712
0.1536,-0.001909174
0.1537,-0.001876822
0.1538,-0.00184466
0.1539,-0.001812691
0.154,-0.001780921
0.1541,-0.001749351
0.1542,-0.001717987
0.1543,-0.001686833
0.1544,-0.001655891
0.1545,-0.001625165
0.1546,-0.00159466
0.1547,-0.001564378
0.1548,-0.001534323
0.1549,-0.001504499
0.155,-0.001474909
0.1551,-0.001445557
0.1552,-0.001416445
0.1553,-0.001387578
0.1554,-0.001358958
0.1555,-0.001330588
0.1556,-0.001302472
0.1557,-0.001274612
0.1558,-0.001247013
0.1559,-0.001219676
0.156,-0.001192605
0.1561,-0.001165802
0.1562,-0.001139271
0.1563,-0.001113015
0.1564,-0.001087035
0.1565,-0.001061335
0.1566,-0.001035918
0.1567,-0.001010785
0.1568,-0.00098594
0.1569,-0.000961386
0.157,-0.000937123
0.1571,-0.000913156
0.1572,-0.000889487
0.1573,-0.000866117
0.1574,-0.000843049
0.1575,-0.000820285
0.1576,-0.000797828
0.1577,-0.000775679
0.1578,-0.000753841
0.1579,-0.000732316
0.158,-0.000711105
0.1581,-0.000690211
0.1582,-0.000669636
0.1583,-0.000649381
0.1584,-0.000629448
0.1585,-0.00060984
0.1586,-0.000590557
0.1587,-0.000571601
0.1588,-0.000552974
0.1589,-0.000534678
0.159,-0.000516714
0.1591,-0.000499083
0.1592,-0.000481788
0.1593,-0.000464828
0.1594,-0.000448207
0.1595,-0.000431924
0.1596,-0.000415982
0.1597,-0.00040038
0.1598,-0.000385122
0.1599,-0.000370207
0.16,-0.000361294
0.1601,-0.00034481
0.1602,-0.000328841
0.1603,-0.000313376
0.1604,-0.000298408
0.1605,-0.000283926
0.1606,-0.000269922
0.1607,-0.000256387
0.1608,-0.000243313
0.1609,-0.00023069
0.161,-0.000218509
0.1611,-0.000206763
0.1612,-0.000195442
0.1613,-0.000184537
0.1614,-0.000174041
0.1615,-0.000163944
0.1616,-0.000154239
0.1617,-0.000144916
0.1618,-0.000135968
0.1619,-0.000127386
0.162,-0.000119163
0.1621,-0.000111289
0.1622,-0.000103757
0.1623,-9.66E-05
0.1624,-8.97E-05
0.1625,-8.31E-05
0.1626,-7.69E-05
0.1627,-7.09E-05
0.1628,-6.53E-05
0.1629,-5.99E-05
0.163,-5.49E-05
0.1631,-5.00E-05
0.1632,-4.55E-05
0.1633,-4.12E-05
0.1634,-3.72E-05
0.1635,-3.34E-05
0.1636,-2.98E-05
0.1637,-2.64E-05
0.1638,-2.33E-05
0.1639,-2.04E-05
0.164,-1.77E-05
0.1641,-1.52E-05
0.1642,-1.29E-05
0.1643,-1.08E-05
0.1644,-8.81E-06
0.1645,-7.02E-06
0.1646,-5.40E-06
0.1647,-3.94E-06
0.1648,-2.62E-06
0.1649,-1.45E-06
0.165,-4.20E-07
0.1651,4.83E-07
0.1652,1.26E-06
0.1653,1.92E-06
0.1654,2.48E-06
0.1655,2.92E-06
0.1656,3.27E-06
0.1657,3.53E-06
0.1658,3.70E-06
0.1659,3.79E-06
0.166,3.81E-06
0.1661,3.76E-06
0.1662,3.64E-06
0.1663,3.47E-06
0.1664,3.26E-06
0.1665,2.99E-06
0.1666,2.69E-06
0.1667,2.36E-06
0.1668,1.99E-06
0.1669,1.61E-06
0.167,1.21E-06
0.1671,8.01E-07
0.1672,3.86E-07
0.1673,-2.97E-08
0.1674,-4.40E-07
0.1675,-8.40E-07
0.1676,-1.22E-06
0.1677,-1.59E-06
0.1678,-1.92E-06
0.1679,-2.23E-06
0.168,-2.50E-06
0.1681,-2.73E-06
0.1682,-2.91E-06
0.1683,-3.04E-06
0.1684,-3.12E-06
0.1685,-3.14E-06
0.1686,-3.09E-06
0.1687,-2.97E-06
0.1688,-2.78E-06
0.1689,-2.51E-06
0.169,-2.16E-06
0.1691,-1.72E-06
0.1692,-1.19E-06
0.1693,-5.66E-07
0.1694,1.60E-07
0.1695,9.91E-07
0.1696,1.93E-06
0.1697,2.98E-06
0.1698,4.15E-06
0.1699,5.44E-06
0.17,0
0.1701,0
0.1702,0
0.1703,0
0.1704,0
0.1705,0
0.1706,0
0.1707,0
0.1708,0
0.1709,0
0.171,0
0.1711,0
0.1712,0
0.1713,0
0.1714,0
0.1715,0
0.1716,0
0.1717,0
0.1718,0
0.1719,0
0.172,0
0.1721,0
0.1722,0
0.1723,0
0.1724,0
0.1725,0
0.1726,0
0.1727,0
0.1728,0
0.1729,0
0.173,0
0.1731,0
0.1732,0
0.1733,0
0.1734,0
0.1735,0
0.1736,0
0.1737,0
0.1738,0
0.1739,0
0.174,0
0.1741,0
0.1742,0
0.1743,0
0.1744,0
0.1745,0
0.1746,0
0.1747,0
0.1748,0
0.1749,0
0.175,0
0.1751,0
0.1752,0
0.1753,0
0.1754,0
0.1755,0
0.1756,0
0.1757,0
0.1758,0
0.1759,0
0.176,0
0.1761,0
0.1762,0
0.1763,0
0.1764,0
0.1765,0
0.1766,0
0.1767,0
0.1768,0
0.1769,0
0.177,0
0.1771,0
0.1772,0
0.1773,0
0.1774,0
0.1775,0
0.1776,0
0.1777,0
0.1778,0
0.1779,0
0.178,0
0.1781,0
0.1782,0
0.1783,0
0.1784,0
0.1785,0
0.1786,0
0.1787,0
0.1788,0
0.1789,0
0.179,0
0.1791,0
0.1792,0
0.1793,0
0.1794,0
0.1795,0
0.1796,0
0.1797,0
0.1798,0
0.1799,0
0.18,0
0.1801,0
0.1802,0
0.1803,0
0.1804,0
0.1805,0
0.1806,0
0.1807,0
0.1808,0
0.1809,0
0.181,0
0.1811,0
0.1812,0
0.1813,0
0.1814,0
0.1815,0
0.1816,0
0.1817,0
0.1818,0
0.1819,0
0.182,0
0.1821,0
0.1822,0
0.1823,0
0.1824,0
0.1825,0
0.1826,0
0.1827,0
0.1828,0
0.1829,0
0.183,0
0.1831,0
0.1832,0
0.1833,0
0.1834,0
0.1835,0
0.1836,0
0.1837,0
0.1838,0
0.1839,0
0.184,0
0.1841,0
0.1842,0
0.1843,0
0.1844,0
0.1845,0
0.1846,0
0.1847,0
0.1848,0
0.1849,0
0.185,0
0.1851,0
0.1852,0
0.1853,0
0.1854,0
0.1855,0
0.1856,0
0.1857,0
0.1858,0
0.1859,0
0.186,0
0.1861,0
0.1862,0
0.1863,0
0.1864,0
0.1865,0
0.1866,0
0.1867,0
0.1868,0
0.1869,0
0.187,0
0.1871,0
0.1872,0
0.1873,0
0.1874,0
0.1875,0
0.1876,0
0.1877,0
0.1878,0
0.1879,0
0.188,0
0.1881,0
0.1882,0
0.1883,0
0.1884,0
0.1885,0
0.1886,0
0.1887,0
0.1888,0
0.1889,0
0.189,0
0.1891,0
0.1892,0
0.1893,0
0.1894,0
0.1895,0
0.1896,0
0.1897,0
0.1898,0
0.1899,0
0.19,0
0.1901,0
0.1902,0
0.1903,0
0.1904,0
0.1905,0
0.1906,0
0.1907,0
0.1908,0
0.1909,0
0.191,0
0.1911,0
0.1912,0
0.1913,0
0.1914,0
0.1915,0
0.1916,0
0.1917,0
0.1918,0
0.1919,0
0.192,0
0.1921,0
0.1922,0
0.1923,0
0.1924,0
0.1925,0
0.1926,0
0.1927,0
0.1928,0
0.1929,0
0.193,0
0.1931,0
0.1932,0
0.1933,0
0.1934,0
0.1935,0
0.1936,0
0.1937,0
0.1938,0
0.1939,0
0.194,0
0.1941,0
0.1942,0
0.1943,0
0.1944,0
0.1945,0
0.1946,0
0.1947,0
0.1948,0
0.1949,0
0.195,0
0.1951,0
0.1952,0
0.1953,0
0.1954,0
0.1955,0
0.1956,0
0.1957,0
0.1958,0
0.1959,0
0.196,0
0.1961,0
0.1962,0
0.1963,0
0.1964,0
0.1965,0
0.1966,0
0.1967,0
0.1968,0
0.1969,0
0.197,0
0.1971,0
0.1972,0
0.1973,0
0.1974,0
0.1975,0
0.1976,0
0.1977,0
0.1978,0
0.1979,0
0.198,0
0.1981,0
0.1982,0
0.1983,0
0.1984,0
0.1985,0
0.1986,0
0.1987,0
0.1988,0
0.1989,0
0.199,0
0.1991,0
0.1992,0
0.1993,0
0.1994,0
0.1995,0
0.1996,0
0.1997,0
0.1998,0
0.1999,0
0.2,0
0.2001,0
0.2002,0
0.2003,0
0.2004,0
0.2005,0
0.2006,0
0.2007,0
0.2008,0
0.2009,0
0.201,0
0.2011,0
0.2012,0
0.2013,0
0.2014,0
0.2015,0
0.2016,0
0.2017,0
0.2018,0
0.2019,0
0.202,0
0.2021,0
0.2022,0
0.2023,0
0.2024,0
0.2025,0
0.2026,0
0.2027,0
0.2028,0
0.2029,0
0.203,0
0.2031,0
0.2032,0
0.2033,0
0.2034,0
0.2035,0
0.2036,0
0.2037,0
0.2038,0
0.2039,0
0.204,0
0.2041,0
0.2042,0
0.2043,0
0.2044,0
0.2045,0
0.2046,0
0.2047,0
0.2048,0
0.2049,0
0.205,0
0.2051,0
0.2052,0
0.2053,0
0.2054,0
0.2055,0
0.2056,0
0.2057,0
0.2058,0
0.2059,0
0.206,0
0.2061,0
0.2062,0
0.2063,0
0.2064,0
0.2065,0
0.2066,0
0.2067,0
0.2068,0
0.2069,0
0.207,0
0.2071,0
0.2072,0
0.2073,0
0.2074,0
0.2075,0
0.2076,0
0.2077,0
0.2078,0
0.2079,0
0.208,0
0.2081,0
0.2082,0
0.2083,0
0.2084,0
0.2085,0
0.2086,0
0.2087,0
0.2088,0
0.2089,0
0.209,0
0.2091,0
0.2092,0
0.2093,0
0.2094,0
0.2095,0
0.2096,0
0.2097,0
0.2098,0
0.2099,0
0.21,0
0.2101,0
0.2102,0
0.2103,0
0.2104,0
0.2105,0
0.2106,0
0.2107,0
0.2108,0
0.2109,0
0.211,0
0.2111,0
0.2112,0
0.2113,0
0.2114,0
0.2115,0
0.2116,0
0.2117,0
0.2118,0
0.2119,0
0.212,0
0.2121,0
0.2122,0
0.2123,0
0.2124,0
0.2125,0
0.2126,0
0.2127,0
0.2128,0
0.2129,0
0.213,0
0.2131,0
0.2132,0
0.2133,0
0.2134,0
0.2135,0
0.2136,0
0.2137,0
0.2138,0
0.2139,0
0.214,0
0.2141,0
0.2142,0
0.2143,0
0.2144,0
0.2145,0
0.2146,0
0.2147,0
0.2148,0
0.2149,0
0.215,0
0.2151,0
0.2152,0
0.2153,0
0.2154,0
0.2155,0
0.2156,0
0.2157,0
0.2158,0
0.2159,0
0.216,0
0.2161,0
0.2162,0
0.2163,0
0.2164,0
0.2165,0
0.2166,0
0.2167,0
0.2168,0
0.2169,0
0.217,0
0.2171,0
0.2172,0
0.2173,0
0.2174,0
0.2175,0
0.2176,0
0.2177,0
0.2178,0
0.2179,0
0.218,0
0.2181,0
0.2182,0
0.2183,0
0.2184,0
0.2185,0
0.2186,0
0.2187,0
0.2188,0
0.2189,0
0.219,0
0.2191,0
0.2192,0
0.2193,0
0.2194,0
0.2195,0
0.2196,0
0.2197,0
0.2198,0
0.2199,0
0.22,0
0.2201,0
0.2202,0
0.2203,0
0.2204,0
0.2205,0
0.2206,0
0.2207,0
0.2208,0
0.2209,0
0.221,0
0.2211,0
0.2212,0
0.2213,0
0.2214,0
0.2215,0
0.2216,0
0.2217,0
0.2218,0
0.2219,0
0.222,0
0.2221,0
0.2222,0
0.2223,0
0.2224,0
0.2225,0
0.2226,0
0.2227,0
0.2228,0
0.2229,0
0.223,0
0.2231,0
0.2232,0
0.2233,0
0.2234,0
0.2235,0
0.2236,0
0.2237,0
0.2238,0
0.2239,0
0.224,0
0.2241,0
0.2242,0
0.2243,0
0.2244,0
0.2245,0
0.2246,0
0.2247,0
0.2248,0
0.2249,0
0.225,0
0.2251,0
0.2252,0
0.2253,0
0.2254,0
0.2255,0
0.2256,0
0.2257,0
0.2258,0
0.2259,0
0.226,0
0.2261,0
0.2262,0
0.2263,0
0.2264,0
0.2265,0
0.2266,0
0.2267,0
0.2268,0
0.2269,0
0.227,0
0.2271,0
0.2272,0
0.2273,0
0.2274,0
0.2275,0
0.2276,0
0.2277,0
0.2278,0
0.2279,0
0.228,0
0.2281,0
0.2282,0
0.2283,0
0.2284,0
0.2285,0
0.2286,0
0.2287,0
0.2288,0
0.2289,0
0.229,0
0.2291,0
0.2292,0
0.2293,0
0.2294,0
0.2295,0
0.2296,0
0.2297,0
0.2298,0
0.2299,0
0.23,0
0.2301,0
0.2302,0
0.2303,0
0.2304,0
0.2305,0
0.2306,0
0.2307,0
0.2308,0
0.2309,0
0.231,0
0.2311,0
0.2312,0
0.2313,0
0.2314,0
0.2315,0
0.2316,0
0.2317,0
0.2318,0
0.2319,0
0.232,0
0.2321,0
0.2322,0
0.2323,0
0.2324,0
0.2325,0
0.2326,0
0.2327,0
0.2328,0
0.2329,0
0.233,0
0.2331,0
0.2332,0
0.2333,0
0.2334,0
0.2335,0
0.2336,0
0.2337,0
0.2338,0
0.2339,0
0.234,0
0.2341,0
0.2342,0
0.2343,0
0.2344,0
0.2345,0
0.2346,0
0.2347,0
0.2348,0
0.2349,0
0.235,0
0.2351,0
0.2352,0
0.2353,0
0.2354,0
0.2355,0
0.2356,0
0.2357,0
0.2358,0
0.2359,0
0.236,0
0.2361,0
0.2362,0
0.2363,0
0.2364,0
0.2365,0
0.2366,0
0.2367,0
0.2368,0
0.2369,0
0.237,0
0.2371,0
0.2372,0
0.2373,0
0.2374,0
0.2375,0
0.2376,0
0.2377,0
0.2378,0
0.2379,0
0.238,0
0.2381,0
0.2382,0
0.2383,0
0.2384,0
0.2385,0
0.2386,0
0.2387,0
0.2388,0
0.2389,0
0.239,0
0.2391,0
0.2392,0
0.2393,0
0.2394,0
0.2395,0
0.2396,0
0.2397,0
0.2398,0
0.2399,0
0.24,0
0.2401,0
0.2402,0
0.2403,0
0.2404,0
0.2405,0
0.2406,0
0.2407,0
0.2408,0
0.2409,0
0.241,0
0.2411,0
0.2412,0
0.2413,0
0.2414,0
0.2415,0
0.2416,0
0.2417,0
0.2418,0
0.2419,0
0.242,0
0.2421,0
0.2422,0
0.2423,0
0.2424,0
0.2425,0
0.2426,0
0.2427,0
0.2428,0
0.2429,0
0.243,0
0.2431,0
0.2432,0
0.2433,0
0.2434,0
0.2435,0
0.2436,0
0.2437,0
0.2438,0
0.2439,0
0.244,0
0.2441,0
0.2442,0
0.2443,0
0.2444,0
0.2445,0
0.2446,0
0.2447,0
0.2448,0
0.2449,0
0.245,0
0.2451,0
0.2452,0
0.2453,0
0.2454,0
0.2455,0
0.2456,0
0.2457,0
0.2458,0
0.2459,0
0.246,0
0.2461,0
0.2462,0
0.2463,0
0.2464,0
0.2465,0
0.2466,0
0.2467,0
0.2468,0
0.2469,0
0.247,0
0.2471,0
0.2472,0
0.2473,0
0.2474,0
0.2475,0
0.2476,0
0.2477,0
0.2478,0
0.2479,0
0.248,0
0.2481,0
0.2482,0
0.2483,0
0.2484,0
0.2485,0
0.2486,0
0.2487,0
0.2488,0
0.2489,0
0.249,0
0.2491,0
0.2492,0
0.2493,0
0.2494,0
0.2495,0
0.2496,0
0.2497,0
0.2498,0
0.2499,0
0.25,0
0.2501,0
0.2502,0
0.2503,0
0.2504,0
0.2505,0
0.2506,0
0.2507,0
0.2508,0
0.2509,0
0.251,0
0.2511,0
0.2512,0
0.2513,0
0.2514,0
0.2515,0
0.2516,0
0.2517,0
0.2518,0
0.2519,0
0.252,0
0.2521,0
0.2522,0
0.2523,0
0.2524,0
0.2525,0
0.2526,0
0.2527,0
0.2528,0
0.2529,0
0.253,0
0.2531,0
0.2532,0
0.2533,0
0.2534,0
0.2535,0
0.2536,0
0.2537,0
0.2538,0
0.2539,0
0.254,0
0.2541,0
0.2542,0
0.2543,0
0.2544,0
0.2545,0
0.2546,0
0.2547,0
0.2548,0
0.2549,0
0.255,0
0.2551,0
0.2552,0
0.2553,0
0.2554,0
0.2555,0
0.2556,0
0.2557,0
0.2558,0
0.2559,0
0.256,0
0.2561,0
0.2562,0
0.2563,0
0.2564,0
0.2565,0
0.2566,0
0.2567,0
0.2568,0
0.2569,0
0.257,0
0.2571,0
0.2572,0
0.2573,0
0.2574,0
0.2575,0
0.2576,0
0.2577,0
0.2578,0
0.2579,0
0.258,0
0.2581,0
0.2582,0
0.2583,0
0.2584,0
0.2585,0
0.2586,0
0.2587,0
0.2588,0
0.2589,0
0.259,0
0.2591,0
0.2592,0
0.2593,0
0.2594,0
0.2595,0
0.2596,0
0.2597,0
0.2598,0
0.2599,0
0.26,0
0.2601,0
0.2602,0
0.2603,0
0.2604,0
0.2605,0
0.2606,0
0.2607,0
0.2608,0
0.2609,0
0.261,0
0.2611,0
0.2612,0
0.2613,0
0.2614,0
0.2615,0
0.2616,0
0.2617,0
0.2618,0
0.2619,0
0.262,0
0.2621,0
0.2622,0
0.2623,0
0.2624,0
0.2625,0
0.2626,0
0.2627,0
0.2628,0
0.2629,0
0.263,0
0.2631,0
0.2632,0
0.2633,0
0.2634,0
0.2635,0
0.2636,0
0.2637,0
0.2638,0
0.2639,0
0.264,0
0.2641,0
0.2642,0
0.2643,0
0.2644,0
0.2645,0
0.2646,0
0.2647,0
0.2648,0
0.2649,0
0.265,0
0.2651,0
0.2652,0
0.2653,0
0.2654,0
0.2655,0
0.2656,0
0.2657,0
0.2658,0
0.2659,0
0.266,0
0.2661,0
0.2662,0
0.2663,0
0.2664,0
0.2665,0
0.2666,0
0.2667,0
0.2668,0
0.2669,0
0.267,0
0.2671,0
0.2672,0
0.2673,0
0.2674,0
0.2675,0
0.2676,0
0.2677,0
0.2678,0
0.2679,0
0.268,0
0.2681,0
0.2682,0
0.2683,0
0.2684,0
0.2685,0
0.2686,0
0.2687,0
0.2688,0
0.2689,0
0.269,0
0.2691,0
0.2692,0
0.2693,0
0.2694,0
0.2695,0
0.2696,0
0.2697,0
0.2698,0
0.2699,0
0.27,0
0.2701,0
0.2702,0
0.2703,0
0.2704,0
0.2705,0
0.2706,0
0.2707,0
0.2708,0
0.2709,0
0.271,0
0.2711,0
0.2712,0
0.2713,0
0.2714,0
0.2715,0
0.2716,0
0.2717,0
0.2718,0
0.2719,0
0.272,0
0.2721,0
0.2722,0
0.2723,0
0.2724,0
0.2725,0
0.2726,0
0.2727,0
0.2728,0
0.2729,0
0.273,0
0.2731,0
0.2732,0
0.2733,0
0.2734,0
0.2735,0
0.2736,0
0.2737,0
0.2738,0
0.2739,0
0.274,0
0.2741,0
0.2742,0
0.2743,0
0.2744,0
0.2745,0
0.2746,0
0.2747,0
0.2748,0
0.2749,0
0.275,0
0.2751,0
0.2752,0
0.2753,0
0.2754,0
0.2755,0
0.2756,0
0.2757,0
0.2758,0
0.2759,0
0.276,0
0.2761,0
0.2762,0
0.2763,0
0.2764,0
0.2765,0
0.2766,0
0.2767,0
0.2768,0
0.2769,0
0.277,0
0.2771,0
0.2772,0
0.2773,0
0.2774,0
0.2775,0
0.2776,0
0.2777,0
0.2778,0
0.2779,0
0.278,0
0.2781,0
0.2782,0
0.2783,0
0.2784,0
0.2785,0
0.2786,0
0.2787,0
0.2788,0
0.2789,0
0.279,0
0.2791,0
0.2792,0
0.2793,0
0.2794,0
0.2795,0
0.2796,0
0.2797,0
0.2798,0
0.2799,0
0.28,0
0.2801,0
0.2802,0
0.2803,0
0.2804,0
0.2805,0
0.2806,0
0.2807,0
0.2808,0
0.2809,0
0.281,0
0.2811,0
0.2812,0
0.2813,0
0.2814,0
0.2815,0
0.2816,0
0.2817,0
0.2818,0
0.2819,0
0.282,0
0.2821,0
0.2822,0
0.2823,0
0.2824,0
0.2825,0
0.2826,0
0.2827,0
0.2828,0
0.2829,0
0.283,0
0.2831,0
0.2832,0
0.2833,0
0.2834,0
0.2835,0
0.2836,0
0.2837,0
0.2838,0
0.2839,0
0.284,0
0.2841,0
0.2842,0
0.2843,0
0.2844,0
0.2845,0
0.2846,0
0.2847,0
0.2848,0
0.2849,0
0.285,0
0.2851,0
0.2852,0
0.2853,0
0.2854,0
0.2855,0
0.2856,0
0.2857,0
0.2858,0
0.2859,0
0.286,0
0.2861,0
0.2862,0
0.2863,0
0.2864,0
0.2865,0
0.2866,0
0.2867,0
0.2868,0
0.2869,0
0.287,0
0.2871,0
0.2872,0
0.2873,0
0.2874,0
0.2875,0
0.2876,0
0.2877,0
0.2878,0
0.2879,0
0.288,0
0.2881,0
0.2882,0
0.2883,0
0.2884,0
0.2885,0
0.2886,0
0.2887,0
0.2888,0
0.2889,0
0.289,0
0.2891,0
0.2892,0
0.2893,0
0.2894,0
0.2895,0
0.2896,0
0.2897,0
0.2898,0
0.2899,0
0.29,0
0.2901,0
0.2902,0
0.2903,0
0.2904,0
0.2905,0
0.2906,0
0.2907,0
0.2908,0
0.2909,0
0.291,0
0.2911,0
0.2912,0
0.2913,0
0.2914,0
0.2915,0
0.2916,0
0.2917,0
0.2918,0
0.2919,0
0.292,0
0.2921,0
0.2922,0
0.2923,0
0.2924,0
0.2925,0
0.2926,0
0.2927,0
0.2928,0
0.2929,0
0.293,0
0.2931,0
0.2932,0
0.2933,0
0.2934,0
0.2935,0
0.2936,0
0.2937,0
0.2938,0
0.2939,0
0.294,0
0.2941,0
0.2942,0
0.2943,0
0.2944,0
0.2945,0
0.2946,0
0.2947,0
0.2948,0
0.2949,0
0.295,0
0.2951,0
0.2952,0
0.2953,0
0.2954,0
0.2955,0
0.2956,0
0.2957,0
0.2958,0
0.2959,0
0.296,0
0.2961,0
0.2962,0
0.2963,0
0.2964,0
0.2965,0
0.2966,0
0.2967,0
0.2968,0
0.2969,0
0.297,0
0.2971,0
0.2972,0
0.2973,0
0.2974,0
0.2975,0
0.2976,0
0.2977,0
0.2978,0
0.2979,0
0.298,0
0.2981,0
0.2982,0
0.2983,0
0.2984,0
0.2985,0
0.2986,0
0.2987,0
0.2988,0
0.2989,0
0.299,0
0.2991,0
0.2992,0
0.2993,0
0.2994,0
0.2995,0
0.2996,0
0.2997,0
0.2998,0
0.2999,0
0.3,0
0.3001,0
0.3002,0
0.3003,0
0.3004,0
0.3005,0
0.3006,0
0.3007,0
0.3008,0
0.3009,0
0.301,0
0.3011,0
0.3012,0
0.3013,0
0.3014,0
0.3015,0
0.3016,0
0.3017,0
0.3018,0
0.3019,0
0.302,0
0.3021,0
0.3022,0
0.3023,0
0.3024,0
0.3025,0
0.3026,0
0.3027,0
0.3028,0
0.3029,0
0.303,0
0.3031,0
0.3032,0
0.3033,0
0.3034,0
0.3035,0
0.3036,0
0.3037,0
0.3038,0
0.3039,0
0.304,0
0.3041,0
0.3042,0
0.3043,0
0.3044,0
0.3045,0
0.3046,0
0.3047,0
0.3048,0
0.3049,0
0.305,0
0.3051,0
0.3052,0
0.3053,0
0.3054,0
0.3055,0
0.3056,0
0.3057,0
0.3058,0
0.3059,0
0.306,0
0.3061,0
0.3062,0
0.3063,0
0.3064,0
0.3065,0
0.3066,0
0.3067,0
0.3068,0
0.3069,0
0.307,0
0.3071,0
0.3072,0
0.3073,0
0.3074,0
0.3075,0
0.3076,0
0.3077,0
0.3078,0
0.3079,0
0.308,0
0.3081,0
0.3082,0
0.3083,0
0.3084,0
0.3085,0
0.3086,0
0.3087,0
0.3088,0
0.3089,0
0.309,0
0.3091,0
0.3092,0
0.3093,0
0.3094,0
0.3095,0
0.3096,0
0.3097,0
0.3098,0
0.3099,0
0.31,0
0.3101,0
0.3102,0
0.3103,0
0.3104,0
0.3105,0
0.3106,0
0.3107,0
0.3108,0
0.3109,0
0.311,0
0.3111,0
0.3112,0
0.3113,0
0.3114,0
0.3115,0
0.3116,0
0.3117,0
0.3118,0
0.3119,0
0.312,0
0.3121,0
0.3122,0
0.3123,0
0.3124,0
0.3125,0
0.3126,0
0.3127,0
0.3128,0
0.3129,0
0.313,0
0.3131,0
0.3132,0
0.3133,0
0.3134,0
0.3135,0
0.3136,0
0.3137,0
0.3138,0
0.3139,0
0.314,0
0.3141,0
0.3142,0
0.3143,0
0.3144,0
0.3145,0
0.3146,0
0.3147,0
0.3148,0
0.3149,0
0.315,0
0.3151,0
0.3152,0
0.3153,0
0.3154,0
0.3155,0
0.3156,0
0.3157,0
0.3158,0
0.3159,0
0.316,0
0.3161,0
0.3162,0
0.3163,0
0.3164,0
0.3165,0
0.3166,0
0.3167,0
0.3168,0
0.3169,0
0.317,0
0.3171,0
0.3172,0
0.3173,0
0.3174,0
0.3175,0
0.3176,0
0.3177,0
0.3178,0
0.3179,0
0.318,0
0.3181,0
0.3182,0
0.3183,0
0.3184,0
0.3185,0
0.3186,0
0.3187,0
0.3188,0
0.3189,0
0.319,0
0.3191,0
0.3192,0
0.3193,0
0.3194,0
0.3195,0
0.3196,0
0.3197,0
0.3198,0
0.3199,0
0.32,0
